{"count":1,"self":262.7997952,"total":2737.5312894,"children":{"InitializeActuators":{"count":11478,"self":0.1215696,"total":0.1215696,"children":null},"InitializeSensors":{"count":11478,"self":0.33350799999999997,"total":0.33350799999999997,"children":null},"AgentInfo.ToProto":{"count":11287,"self":0.0791568,"total":0.82309119999999991,"children":{"GenerateSensorData":{"count":11287,"self":0.4532004,"total":0.7439344,"children":{"RayPerceptionSensor.Perceive":{"count":33861,"self":0.290734,"total":0.290734,"children":null}}}}},"AgentSendState":{"count":61259,"self":526.947584,"total":678.7744323,"children":{"CollectObservations":{"count":2280593,"self":0.8887193,"total":0.8887193,"children":null},"WriteActionMask":{"count":2280593,"self":4.1515184,"total":4.1515182,"children":null},"RequestDecision":{"count":2280593,"self":11.5450032,"total":146.78661309999998,"children":{"AgentInfo.ToProto":{"count":2280593,"self":6.8133599999999994,"total":135.2416096,"children":{"GenerateSensorData":{"count":2280593,"self":77.2064256,"total":128.4282493,"children":{"RayPerceptionSensor.Perceive":{"count":6841779,"self":51.221824,"total":51.221823199999996,"children":null}}}}}}}}},"DecideAction":{"count":61259,"self":1775.8201855999998,"total":1775.8201073,"children":null},"AgentAct":{"count":61259,"self":18.8587792,"total":18.8587788,"children":null}},"gauges":{},"metadata":{"timer_format_version":"0.1.0","start_time_seconds":"1725717963","unity_version":"2021.3.28f1","command_line_arguments":"C:\/Program Files\/Unity 2021.3.28f1\/Editor\/Unity.exe -projectpath D:\\RPG_AI_STRATEGY -useHub -hubIPC -cloudEnvironment production -licensingIpc LicenseClient-8BlG_qQyBfT7gWW1Pa8gq -hubSessionId 5f3abfaa-a9b1-48cb-b542-f6080289ce3c -accessToken YhW4MP7edWYoYdhV_m-lbY5rD1yQWUxu5jHTg8StgjQ01ef","communication_protocol_version":"1.5.0","com.unity.ml-agents_version":"2.0.1","scene_name":"","end_time_seconds":"1725720700"}}