{"count":1,"self":152.6965376,"total":153.8816494,"children":{"InitializeActuators":{"count":70,"self":0.0011336999999999999,"total":0.0011336999999999999,"children":null},"InitializeSensors":{"count":70,"self":0.0057789999999999994,"total":0.0057789999999999994,"children":null},"AgentSendState":{"count":1000,"self":0.2938825,"total":0.3075437,"children":{"CollectObservations":{"count":2000,"self":0.0056276999999999994,"total":0.0056276999999999994,"children":null},"WriteActionMask":{"count":2000,"self":0.0010002,"total":0.0010002,"children":null},"RequestDecision":{"count":2000,"self":0.0055279,"total":0.0070332999999999993,"children":{"RayPerceptionSensor.Perceive":{"count":375,"self":0.0015053999999999998,"total":0.0015053999999999998,"children":null}}}}},"DecideAction":{"count":1000,"self":0.71995179999999992,"total":0.84544789999999992,"children":{"RayPerceptionSensor.Perceive":{"count":5625,"self":0.1254961,"total":0.1254961,"children":null}}},"AgentAct":{"count":1000,"self":0.024208399999999998,"total":0.024208399999999998,"children":null},"RayPerceptionSensor.Perceive":{"count":3,"self":0,"total":0,"children":null}},"gauges":{},"metadata":{"timer_format_version":"0.1.0","start_time_seconds":"1727878208","unity_version":"2021.3.28f1","command_line_arguments":"C:\\Program Files\\Unity\\Hub\\Editor\\2021.3.28f1\\Editor\\Unity.exe -projectpath D:\\project\\unity\\RPG_AI_STRATEGY -useHub -hubIPC -cloudEnvironment production -licensingIpc LicenseClient-vhan9 -hubSessionId 4a8a7bd9-ac71-4e29-8480-c1b567a680be -accessToken SF6dkvJIi4_ZvvpnY0lzVrq21iE-WoZKumFn1Bqb72o01ef","communication_protocol_version":"1.5.0","com.unity.ml-agents_version":"2.0.1","scene_name":"game","end_time_seconds":"1727878362"}}