{"count":1,"self":1126.4844799999998,"total":1132.3974604,"children":{"InitializeActuators":{"count":111,"self":0.0035074999999999998,"total":0.0035074999999999998,"children":null},"InitializeSensors":{"count":111,"self":0.0029999,"total":0.0029999,"children":null},"AgentSendState":{"count":3733,"self":1.0599486999999999,"total":1.0837622999999998,"children":{"CollectObservations":{"count":7493,"self":0.0060165999999999996,"total":0.0060165999999999996,"children":null},"WriteActionMask":{"count":7493,"self":0.0020071999999999998,"total":0.0020071999999999998,"children":null},"RequestDecision":{"count":7493,"self":0.014791499999999999,"total":0.0157898,"children":{"RayPerceptionSensor.Perceive":{"count":495,"self":0.0009983,"total":0.0009983,"children":null}}}}},"DecideAction":{"count":3733,"self":4.446636,"total":4.7420171999999994,"children":{"RayPerceptionSensor.Perceive":{"count":21984,"self":0.2953811,"total":0.2953811,"children":null}}},"AgentAct":{"count":3733,"self":0.080713899999999991,"total":0.080713899999999991,"children":null}},"gauges":{},"metadata":{"timer_format_version":"0.1.0","start_time_seconds":"1728745984","unity_version":"2021.3.28f1","command_line_arguments":"C:\\Program Files\\Unity\\Hub\\Editor\\2021.3.28f1\\Editor\\Unity.exe -projectpath D:\\project\\unity\\RPG_AI_STRATEGY -useHub -hubIPC -cloudEnvironment production -licensingIpc LicenseClient-vhan9 -hubSessionId dd68c4fc-5560-4ad9-9088-d2afa4863b06 -accessToken 7raLqkzDAByGGTZKzCV84NYydyr61BmitQfzBELSzUs01ef","communication_protocol_version":"1.5.0","com.unity.ml-agents_version":"2.0.1","scene_name":"game","end_time_seconds":"1728747116"}}