{"count":1,"self":45.2681344,"total":48.974552599999996,"children":{"InitializeActuators":{"count":100,"self":0.00092399999999999991,"total":0.00092399999999999991,"children":null},"InitializeSensors":{"count":100,"self":0.0030061999999999997,"total":0.0030061999999999997,"children":null},"AgentSendState":{"count":2194,"self":1.4673181,"total":1.5405963,"children":{"CollectObservations":{"count":43900,"self":0.0075204999999999994,"total":0.0075204999999999994,"children":null},"WriteActionMask":{"count":43900,"self":0.0246754,"total":0.0246754,"children":null},"RequestDecision":{"count":43900,"self":0.041082299999999995,"total":0.041082299999999995,"children":null}}},"DecideAction":{"count":2194,"self":1.2725593,"total":1.3684748999999998,"children":{"RayPerceptionSensor.Perceive":{"count":87800,"self":0.09591559999999999,"total":0.09591559999999999,"children":null}}},"AgentAct":{"count":2194,"self":0.7924087,"total":0.7924087,"children":null}},"gauges":{},"metadata":{"timer_format_version":"0.1.0","start_time_seconds":"1712580271","unity_version":"2021.3.28f1","command_line_arguments":"C:\/Program Files\/Unity 2021.3.28f1\/Editor\/Unity.exe -projectpath D:\\MLagent\\RPG_AI_STRATEGY -useHub -hubIPC -cloudEnvironment production -licensingIpc LicenseClient-CHANG -hubSessionId 9b3de4cd-7902-43c6-b54d-e3607caddb06 -accessToken PtYAQAMtYGlOSu7PuALoiC2jnF8R1FkDGEt4scK5SHg011f","communication_protocol_version":"1.5.0","com.unity.ml-agents_version":"2.0.1","scene_name":"Gaowei_Scence","end_time_seconds":"1712580320"}}