{"count":1,"self":2259.2694272,"total":28067.144036899997,"children":{"InitializeActuators":{"count":12720,"self":0.0944551,"total":0.0944551,"children":null},"InitializeSensors":{"count":12720,"self":0.2506298,"total":0.2506298,"children":null},"AgentInfo.ToProto":{"count":12640,"self":0.0426837,"total":0.66894199999999993,"children":{"GenerateSensorData":{"count":12640,"self":0.4022705,"total":0.62625829999999993,"children":{"RayPerceptionSensor.Perceive":{"count":37920,"self":0.2239878,"total":0.2239878,"children":null}}}}},"AgentSendState":{"count":1256001,"self":4370.5163776,"total":5335.6262062999995,"children":{"CollectObservations":{"count":20096080,"self":5.08911,"total":5.08911,"children":null},"WriteActionMask":{"count":20096080,"self":39.362255999999995,"total":39.3622558,"children":null},"RequestDecision":{"count":20096080,"self":33.0647456,"total":920.6584626,"children":{"AgentInfo.ToProto":{"count":20096080,"self":39.0686016,"total":887.5937156,"children":{"GenerateSensorData":{"count":20096080,"self":506.1231616,"total":848.5251151,"children":{"RayPerceptionSensor.Perceive":{"count":60288240,"self":342.4019456,"total":342.4019335,"children":null}}}}}}}}},"DecideAction":{"count":1256001,"self":20304.9500672,"total":20304.950550999998,"children":null},"AgentAct":{"count":1256001,"self":166.2733696,"total":166.2733634,"children":null}},"gauges":{},"metadata":{"timer_format_version":"0.1.0","start_time_seconds":"1724381329","unity_version":"2021.3.28f1","command_line_arguments":"C:\/Program Files\/Unity 2021.3.28f1\/Editor\/Unity.exe -projectpath C:\\Users\\CHANG\\OneDrive\\Desktop\\Unity\\RPG_AI_STRATEGY -useHub -hubIPC -cloudEnvironment production -licensingIpc LicenseClient-CHANG -hubSessionId 4c3d1f65-c8c1-4592-9d88-40b0eb2364ca -accessToken 3IKVVQ6u8mm36KEGUydhJnFXAU-_NEyltKdnQJr5sto011f","communication_protocol_version":"1.5.0","com.unity.ml-agents_version":"2.0.1","scene_name":"Gaowei_Scence","end_time_seconds":"1724409396"}}