{"count":1,"self":306.04096,"total":3698.3928014,"children":{"InitializeActuators":{"count":3000,"self":0.021947599999999998,"total":0.021947599999999998,"children":null},"InitializeSensors":{"count":3000,"self":0.0684588,"total":0.0684588,"children":null},"AgentInfo.ToProto":{"count":2900,"self":0.0061162,"total":0.1851864,"children":{"GenerateSensorData":{"count":2900,"self":0.1002839,"total":0.17907019999999998,"children":{"RayPerceptionSensor.Perceive":{"count":8700,"self":0.07878629999999999,"total":0.07878629999999999,"children":null}}}}},"AgentSendState":{"count":143601,"self":366.126464,"total":518.2864135,"children":{"CollectObservations":{"count":2872100,"self":0.5910707,"total":0.5910707,"children":null},"WriteActionMask":{"count":2872100,"self":5.2847316,"total":5.2847316,"children":null},"RequestDecision":{"count":2872100,"self":4.2668127999999994,"total":146.2841407,"children":{"AgentInfo.ToProto":{"count":2872100,"self":4.9278004,"total":142.0173281,"children":{"GenerateSensorData":{"count":2872100,"self":76.212345599999992,"total":137.0895276,"children":{"RayPerceptionSensor.Perceive":{"count":8616300,"self":60.877184,"total":60.877184199999995,"children":null}}}}}}}}},"DecideAction":{"count":143601,"self":2853.4247424,"total":2853.4246453,"children":null},"AgentAct":{"count":143601,"self":20.3641904,"total":20.364190999999998,"children":null}},"gauges":{},"metadata":{"timer_format_version":"0.1.0","start_time_seconds":"1725189042","unity_version":"2021.3.28f1","command_line_arguments":"C:\/Program Files\/Unity 2021.3.28f1\/Editor\/Unity.exe -projectpath C:\\Users\\CHANG\\OneDrive\\Desktop\\Unity\\RPG_AI_STRATEGY -useHub -hubIPC -cloudEnvironment production -licensingIpc LicenseClient-CHANG -hubSessionId 5fc9a349-1604-40a7-9b16-e5f933d6af86 -accessToken ORhMuyVxQ42tjsHwR3J2UpsQK0xIyy-9AbdMB83e7dU011f","communication_protocol_version":"1.5.0","com.unity.ml-agents_version":"2.0.1","scene_name":"Gaowei_Scence","end_time_seconds":"1725192741"}}