{"count":1,"self":28.251110399999998,"total":54.3823759,"children":{"InitializeActuators":{"count":216,"self":0.0030759999999999997,"total":0.0030759999999999997,"children":null},"InitializeSensors":{"count":216,"self":0.0074732999999999996,"total":0.0074732999999999996,"children":null},"AgentInfo.ToProto":{"count":108,"self":0.00234,"total":0.010551399999999999,"children":{"GenerateSensorData":{"count":108,"self":0.0061141,"total":0.0082113999999999989,"children":{"RayPerceptionSensor.Perceive":{"count":324,"self":0.0020973,"total":0.0020973,"children":null}}}}},"AgentSendState":{"count":1701,"self":5.7049492,"total":7.6982966,"children":{"CollectObservations":{"count":36828,"self":0.0070796999999999995,"total":0.0070796999999999995,"children":null},"WriteActionMask":{"count":36828,"self":0.031143599999999997,"total":0.031143599999999997,"children":null},"RequestDecision":{"count":36828,"self":0.0792348,"total":1.9551239999999999,"children":{"AgentInfo.ToProto":{"count":36828,"self":0.0883915,"total":1.8758891999999998,"children":{"GenerateSensorData":{"count":36828,"self":1.0768346,"total":1.7874976999999999,"children":{"RayPerceptionSensor.Perceive":{"count":110484,"self":0.7106631,"total":0.7106631,"children":null}}}}}}}}},"DecideAction":{"count":1701,"self":18.0341456,"total":18.0341463,"children":null},"AgentAct":{"count":1701,"self":0.3777214,"total":0.3777214,"children":null}},"gauges":{},"metadata":{"timer_format_version":"0.1.0","start_time_seconds":"1716559421","unity_version":"2021.3.28f1","command_line_arguments":"C:\/Program Files\/Unity 2021.3.28f1\/Editor\/Unity.exe -projectpath C:\\Users\\CHANG\\OneDrive\\Desktop\\Unity\\RPG_AI_STRATEGY -useHub -hubIPC -cloudEnvironment production -licensingIpc LicenseClient-CHANG -hubSessionId d7fdca2a-93ef-461c-ad13-987f7f18f33f -accessToken ASNnr2u22gMsjS5B4sES5tBa9HfoSEtmlddRLvKom5E011f","communication_protocol_version":"1.5.0","com.unity.ml-agents_version":"2.0.1","scene_name":"Gaowei_Scence","end_time_seconds":"1716559476"}}