{"count":1,"self":30.1402336,"total":32.2206651,"children":{"InitializeActuators":{"count":10,"self":0.0022007999999999997,"total":0.0022007999999999997,"children":null},"InitializeSensors":{"count":10,"self":0.0020150999999999997,"total":0.0020150999999999997,"children":null},"AgentSendState":{"count":1374,"self":0.46555759999999996,"total":0.4896405,"children":{"CollectObservations":{"count":2750,"self":0.0030017,"total":0.0030017,"children":null},"WriteActionMask":{"count":2750,"self":0.0035221999999999996,"total":0.0035221999999999996,"children":null},"RequestDecision":{"count":2750,"self":0.017558999999999998,"total":0.017558999999999998,"children":null}}},"DecideAction":{"count":1374,"self":1.4325059,"total":1.5529894,"children":{"RayPerceptionSensor.Perceive":{"count":8250,"self":0.1204835,"total":0.1204835,"children":null}}},"AgentAct":{"count":1374,"self":0.0330788,"total":0.0330788,"children":null}},"gauges":{"Archer.CumulativeReward":{"count":2,"max":0.62488395,"min":0.362579525,"runningAverage":0.493731737,"value":0.362579525,"weightedAverage":0.5593078},"Berserker.CumulativeReward":{"count":2,"max":3.356001,"min":3.2984004,"runningAverage":3.32720065,"value":3.2984004,"weightedAverage":3.341601},"Mage.CumulativeReward":{"count":2,"max":0.662,"min":0.617,"runningAverage":0.6395,"value":0.662,"weightedAverage":0.62825},"Warrior.CumulativeReward":{"count":2,"max":0.4700001,"min":0.308,"runningAverage":0.389000058,"value":0.4700001,"weightedAverage":0.3485},"Tank.CumulativeReward":{"count":2,"max":1.90459967,"min":1.39499974,"runningAverage":1.6497997,"value":1.90459967,"weightedAverage":1.52239966}},"metadata":{"timer_format_version":"0.1.0","start_time_seconds":"1726411050","unity_version":"2021.3.28f1","command_line_arguments":"C:\\Program Files\\Unity\\Hub\\Editor\\2021.3.28f1\\Editor\\Unity.exe -projectpath D:\\project\\unity\\RPG_AI_STRATEGY -useHub -hubIPC -cloudEnvironment production -licensingIpc LicenseClient-vhan9 -hubSessionId 9842f4ea-16d7-4036-80a7-7dfd5789d0e9 -accessToken 7EDf9LIEiaKHSXsvJfX8lxU24C7C6L0KHTUaMYiJnFs01ef","communication_protocol_version":"1.5.0","com.unity.ml-agents_version":"2.0.1","scene_name":"jijiTrain","end_time_seconds":"1726411082"}}