{"count":1,"self":288.2333184,"total":310.78331019999996,"children":{"InitializeActuators":{"count":10,"self":0.0009989,"total":0.0009989,"children":null},"InitializeSensors":{"count":10,"self":0.0025533,"total":0.0025533,"children":null},"AgentSendState":{"count":15303,"self":4.9331048,"total":5.0289768,"children":{"CollectObservations":{"count":30610,"self":0.0377148,"total":0.0377148,"children":null},"WriteActionMask":{"count":30610,"self":0.0136444,"total":0.0136444,"children":null},"RequestDecision":{"count":30610,"self":0.044512699999999995,"total":0.044512699999999995,"children":null}}},"DecideAction":{"count":15303,"self":15.912297599999999,"total":17.133302099999998,"children":{"RayPerceptionSensor.Perceive":{"count":91830,"self":1.2210048,"total":1.2210048,"children":null}}},"AgentAct":{"count":15303,"self":0.3831676,"total":0.3831676,"children":null}},"gauges":{"Archer.CumulativeReward":{"count":46,"max":1.68812954,"min":0.335023522,"runningAverage":0.83272475,"value":0.7718475,"weightedAverage":0.710407734},"Berserker.CumulativeReward":{"count":46,"max":3.14800048,"min":0.44,"runningAverage":1.68775666,"value":1.36240029,"weightedAverage":1.56762159},"Mage.CumulativeReward":{"count":46,"max":1.32199991,"min":0.216,"runningAverage":0.7226957,"value":0.624,"weightedAverage":0.6084292},"Warrior.CumulativeReward":{"count":46,"max":1.5400002,"min":0.08840001,"runningAverage":0.74827826,"value":1.23200011,"weightedAverage":0.783387959},"Tank.CumulativeReward":{"count":46,"max":2.37479973,"min":0.349600017,"runningAverage":1.33464992,"value":0.972599864,"weightedAverage":1.07685328}},"metadata":{"timer_format_version":"0.1.0","start_time_seconds":"1726411833","unity_version":"2021.3.28f1","command_line_arguments":"C:\\Program Files\\Unity\\Hub\\Editor\\2021.3.28f1\\Editor\\Unity.exe -projectpath D:\\project\\unity\\RPG_AI_STRATEGY -useHub -hubIPC -cloudEnvironment production -licensingIpc LicenseClient-vhan9 -hubSessionId 9842f4ea-16d7-4036-80a7-7dfd5789d0e9 -accessToken 7EDf9LIEiaKHSXsvJfX8lxU24C7C6L0KHTUaMYiJnFs01ef","communication_protocol_version":"1.5.0","com.unity.ml-agents_version":"2.0.1","scene_name":"jijiTrain","end_time_seconds":"1726412144"}}