{"count":1,"self":54.190188799999994,"total":59.630798199999994,"children":{"InitializeActuators":{"count":10,"self":0.0020012,"total":0.0020012,"children":null},"InitializeSensors":{"count":10,"self":0.0020003,"total":0.0020003,"children":null},"AgentSendState":{"count":2737,"self":1.0869445,"total":1.1250189,"children":{"CollectObservations":{"count":5480,"self":0.0068138,"total":0.0068138,"children":null},"WriteActionMask":{"count":5480,"self":0.0070795999999999993,"total":0.0070795999999999993,"children":null},"RequestDecision":{"count":5480,"self":0.024180999999999998,"total":0.024180999999999998,"children":null}}},"DecideAction":{"count":2737,"self":3.8631179999999996,"total":4.2199138,"children":{"RayPerceptionSensor.Perceive":{"count":16440,"self":0.3567957,"total":0.3567957,"children":null}}},"AgentAct":{"count":2737,"self":0.090675399999999989,"total":0.090675399999999989,"children":null}},"gauges":{"Archer.CumulativeReward":{"count":8,"max":1.0276432,"min":0.497315615,"runningAverage":0.833004951,"value":1.0276432,"weightedAverage":0.8252573},"Berserker.CumulativeReward":{"count":8,"max":1.8078723,"min":0.536006,"runningAverage":0.9858052,"value":0.915148437,"weightedAverage":0.970641},"Mage.CumulativeReward":{"count":8,"max":1.31467462,"min":0.5880117,"runningAverage":0.9706047,"value":0.7958368,"weightedAverage":0.9828699},"Warrior.CumulativeReward":{"count":8,"max":1.32676184,"min":0.0860176,"runningAverage":0.696172237,"value":0.729944,"weightedAverage":0.6408236},"Tank.CumulativeReward":{"count":8,"max":2.419478,"min":0.982677162,"runningAverage":1.74226439,"value":1.73209262,"weightedAverage":1.64342654}},"metadata":{"timer_format_version":"0.1.0","start_time_seconds":"1726850526","unity_version":"2021.3.28f1","command_line_arguments":"C:\\Program Files\\Unity\\Hub\\Editor\\2021.3.28f1\\Editor\\Unity.exe -projectpath D:\\project\\unity\\RPG_AI_STRATEGY -useHub -hubIPC -cloudEnvironment production -licensingIpc LicenseClient-vhan9 -hubSessionId 6e626632-a2f0-4c09-83ec-7b4fe42021fd -accessToken 3zH_y0Q1gJ5QzUMX4GPX-il7vQHxCgy3cZZV-wWIkpM01ef","communication_protocol_version":"1.5.0","com.unity.ml-agents_version":"2.0.1","scene_name":"jijiTrain","end_time_seconds":"1726850585"}}