{"count":1,"self":3036.43648,"total":3227.3648172999997,"children":{"InitializeActuators":{"count":1478,"self":0.0070106,"total":0.0070106,"children":null},"InitializeSensors":{"count":1478,"self":0.017345799999999998,"total":0.017345799999999998,"children":null},"AgentSendState":{"count":160904,"self":42.816016,"total":43.5340657,"children":{"CollectObservations":{"count":294372,"self":0.2565196,"total":0.2565196,"children":null},"WriteActionMask":{"count":294372,"self":0.1797705,"total":0.1797705,"children":null},"RequestDecision":{"count":294372,"self":0.2817607,"total":0.2817607,"children":null}}},"DecideAction":{"count":160904,"self":132.65304319999998,"total":144.4147781,"children":{"RayPerceptionSensor.Perceive":{"count":883116,"self":11.7617392,"total":11.7617391,"children":null}}},"AgentAct":{"count":160904,"self":2.9552128,"total":2.9552128,"children":null}},"gauges":{"Tank.CumulativeReward":{"count":326,"max":2.1752708,"min":0.199748442,"runningAverage":0.911128163,"value":0.5586848,"weightedAverage":0.9634659},"Berserker.CumulativeReward":{"count":268,"max":3.276764,"min":0.08837701,"runningAverage":1.11660028,"value":0.904278636,"weightedAverage":1.0042094},"Archer.CumulativeReward":{"count":278,"max":6.660488,"min":0.229172811,"runningAverage":2.123125,"value":1.65780044,"weightedAverage":2.27309442},"Warrior.CumulativeReward":{"count":270,"max":2.53316617,"min":0.06617761,"runningAverage":0.887420356,"value":0.695549965,"weightedAverage":0.7521229},"Mage.CumulativeReward":{"count":280,"max":3.51808214,"min":-0.0332560055,"runningAverage":1.0096159,"value":0.6610569,"weightedAverage":0.7463509}},"metadata":{"timer_format_version":"0.1.0","start_time_seconds":"1727782237","unity_version":"2021.3.28f1","command_line_arguments":"C:\\Program Files\\Unity\\Hub\\Editor\\2021.3.28f1\\Editor\\Unity.exe -projectpath D:\\project\\unity\\RPG_AI_STRATEGY -useHub -hubIPC -cloudEnvironment production -licensingIpc LicenseClient-vhan9 -hubSessionId 4a8a7bd9-ac71-4e29-8480-c1b567a680be -accessToken lIJmNzhNTnrb_TEY7UQbBU-zx4ttlYeadRYnZtQ83E401ef","communication_protocol_version":"1.5.0","com.unity.ml-agents_version":"2.0.1","scene_name":"jijiTrain","end_time_seconds":"1727785464"}}