{"count":1,"self":700.5922816,"total":759.108404,"children":{"InitializeActuators":{"count":378,"self":0.0010017,"total":0.0010017,"children":null},"InitializeSensors":{"count":378,"self":0.0045097,"total":0.0045097,"children":null},"AgentSendState":{"count":37398,"self":11.4440624,"total":11.6738036,"children":{"CollectObservations":{"count":71979,"self":0.0963328,"total":0.0963328,"children":null},"WriteActionMask":{"count":71979,"self":0.053363999999999995,"total":0.053363999999999995,"children":null},"RequestDecision":{"count":71979,"self":0.08004399999999999,"total":0.08004399999999999,"children":null}}},"DecideAction":{"count":37398,"self":42.629305599999995,"total":45.9920743,"children":{"RayPerceptionSensor.Perceive":{"count":215937,"self":3.3627672,"total":3.3627673,"children":null}}},"AgentAct":{"count":37398,"self":0.8447226,"total":0.8447226,"children":null}},"gauges":{"Tank.CumulativeReward":{"count":75,"max":2.01019216,"min":0.0194225982,"runningAverage":0.9430845,"value":1.03806019,"weightedAverage":1.02892947},"Archer.CumulativeReward":{"count":61,"max":4.658349,"min":0.746827364,"runningAverage":2.14095759,"value":1.76967359,"weightedAverage":1.67574549},"Berserker.CumulativeReward":{"count":60,"max":2.05806,"min":0.104015023,"runningAverage":0.9538983,"value":1.01480448,"weightedAverage":0.937522054},"Mage.CumulativeReward":{"count":57,"max":3.00675774,"min":0.4417053,"runningAverage":1.24035633,"value":1.53109288,"weightedAverage":1.17425776},"Warrior.CumulativeReward":{"count":63,"max":2.264832,"min":-0.0641853958,"runningAverage":0.8154689,"value":0.8779994,"weightedAverage":0.937638044}},"metadata":{"timer_format_version":"0.1.0","start_time_seconds":"1727871067","unity_version":"2021.3.28f1","command_line_arguments":"C:\\Program Files\\Unity\\Hub\\Editor\\2021.3.28f1\\Editor\\Unity.exe -projectpath D:\\project\\unity\\RPG_AI_STRATEGY -useHub -hubIPC -cloudEnvironment production -licensingIpc LicenseClient-vhan9 -hubSessionId 4a8a7bd9-ac71-4e29-8480-c1b567a680be -accessToken SF6dkvJIi4_ZvvpnY0lzVrq21iE-WoZKumFn1Bqb72o01ef","communication_protocol_version":"1.5.0","com.unity.ml-agents_version":"2.0.1","scene_name":"jijiTrain","end_time_seconds":"1727871826"}}