{"count":1,"self":126.7236224,"total":137.86837079999998,"children":{"InitializeActuators":{"count":130,"self":0.0015111999999999999,"total":0.0015111999999999999,"children":null},"InitializeSensors":{"count":130,"self":0.0020231,"total":0.0020231,"children":null},"AgentSendState":{"count":6653,"self":2.4429958,"total":2.4962060999999998,"children":{"CollectObservations":{"count":13366,"self":0.0170463,"total":0.0170463,"children":null},"WriteActionMask":{"count":13366,"self":0.014543899999999998,"total":0.014543899999999998,"children":null},"RequestDecision":{"count":13366,"self":0.0216201,"total":0.0216201,"children":null}}},"DecideAction":{"count":6653,"self":7.8613447999999995,"total":8.4951858,"children":{"RayPerceptionSensor.Perceive":{"count":40098,"self":0.6338412,"total":0.6338412,"children":null}}},"AgentAct":{"count":6653,"self":0.1488237,"total":0.1488237,"children":null}},"gauges":{"Warrior.CumulativeReward":{"count":19,"max":1.23000038,"min":0.0576000139,"runningAverage":0.676157951,"value":0.637200058,"weightedAverage":0.6462791},"Tank.CumulativeReward":{"count":11,"max":2.21186662,"min":0.219000012,"runningAverage":1.21419692,"value":1.46699989,"weightedAverage":1.12275016},"Mage.CumulativeReward":{"count":14,"max":1.49727571,"min":0.466317773,"runningAverage":0.9781812,"value":1.459858,"weightedAverage":0.9503163},"Archer.CumulativeReward":{"count":17,"max":1.08222687,"min":0.228893459,"runningAverage":0.577147,"value":0.6365485,"weightedAverage":0.6743129},"Berserker.CumulativeReward":{"count":9,"max":1.52200007,"min":0.336000025,"runningAverage":0.7080223,"value":0.472400039,"weightedAverage":0.7450718}},"metadata":{"timer_format_version":"0.1.0","start_time_seconds":"1727009174","unity_version":"2021.3.28f1","command_line_arguments":"C:\\Program Files\\Unity\\Hub\\Editor\\2021.3.28f1\\Editor\\Unity.exe -projectpath D:\\project\\unity\\RPG_AI_STRATEGY -useHub -hubIPC -cloudEnvironment production -licensingIpc LicenseClient-vhan9 -hubSessionId 52f63ab2-76d1-4043-9ccd-bb06d9d5c557 -accessToken vfUi_j9W6HFZehQB0-s6O_DzpYPZHExUsilNxhvu8Zw01ef","communication_protocol_version":"1.5.0","com.unity.ml-agents_version":"2.0.1","scene_name":"jijiTrain","end_time_seconds":"1727009312"}}