{"count":1,"self":719.77267199999994,"total":778.5097909,"children":{"InitializeActuators":{"count":490,"self":0.0030006,"total":0.0030006,"children":null},"InitializeSensors":{"count":490,"self":0.010004599999999999,"total":0.010004599999999999,"children":null},"AgentSendState":{"count":38674,"self":13.5812832,"total":13.7935427,"children":{"CollectObservations":{"count":77698,"self":0.070843099999999992,"total":0.070843099999999992,"children":null},"WriteActionMask":{"count":77698,"self":0.041653699999999995,"total":0.041653699999999995,"children":null},"RequestDecision":{"count":77698,"self":0.0997631,"total":0.0997631,"children":null}}},"DecideAction":{"count":38674,"self":40.745196799999995,"total":44.043434999999995,"children":{"RayPerceptionSensor.Perceive":{"count":233094,"self":3.2982396,"total":3.2982397,"children":null}}},"AgentAct":{"count":38674,"self":0.8861424,"total":0.8861424,"children":null}},"gauges":{"Tank.CumulativeReward":{"count":78,"max":2.50879955,"min":-3.020593,"runningAverage":-0.190183327,"value":-0.234394446,"weightedAverage":-0.502252},"Mage.CumulativeReward":{"count":100,"max":2.40559816,"min":0.33,"runningAverage":1.11775148,"value":0.944237232,"weightedAverage":1.06611276},"Berserker.CumulativeReward":{"count":84,"max":2.10880041,"min":0.101200022,"runningAverage":0.8883261,"value":0.418,"weightedAverage":0.936942339},"Warrior.CumulativeReward":{"count":93,"max":2.04460025,"min":0.10800001,"runningAverage":0.899677634,"value":0.6988001,"weightedAverage":0.94432646},"Archer.CumulativeReward":{"count":75,"max":4.626323,"min":0.437433481,"runningAverage":1.57425046,"value":0.935166538,"weightedAverage":1.22850168}},"metadata":{"timer_format_version":"0.1.0","start_time_seconds":"1727356275","unity_version":"2021.3.28f1","command_line_arguments":"C:\\Program Files\\Unity\\Hub\\Editor\\2021.3.28f1\\Editor\\Unity.exe -projectpath D:\\project\\unity\\RPG_AI_STRATEGY -useHub -hubIPC -cloudEnvironment production -licensingIpc LicenseClient-vhan9 -hubSessionId 52f63ab2-76d1-4043-9ccd-bb06d9d5c557 -accessToken L1SJeHPIvi-so6wI-CtmaEQ6_aZ4taT3SYotC6s8eIc01ef","communication_protocol_version":"1.5.0","com.unity.ml-agents_version":"2.0.1","scene_name":"jijiTrain","end_time_seconds":"1727357053"}}