{"count":1,"self":129.58347519999998,"total":194.4519015,"children":{"InitializeActuators":{"count":1098,"self":0.0075702999999999994,"total":0.0075702999999999994,"children":null},"InitializeSensors":{"count":1098,"self":0.0100031,"total":0.0100031,"children":null},"AgentSendState":{"count":9463,"self":37.319024,"total":37.8811564,"children":{"CollectObservations":{"count":264210,"self":0.2592531,"total":0.2592531,"children":null},"WriteActionMask":{"count":264210,"self":0.1148193,"total":0.1148193,"children":null},"RequestDecision":{"count":264210,"self":0.1880606,"total":0.1880606,"children":null}}},"DecideAction":{"count":9463,"self":18.691308799999998,"total":24.589647799999998,"children":{"RayPerceptionSensor.Perceive":{"count":792630,"self":5.8983396,"total":5.8983396999999993,"children":null}}},"AgentAct":{"count":9463,"self":2.3790503999999997,"total":2.3790503999999997,"children":null}},"gauges":{"Warrior.CumulativeReward":{"count":43,"max":0.199740008,"min":-0.000629999966,"runningAverage":0.0137143144,"value":0,"weightedAverage":0.0230333824},"Mage.CumulativeReward":{"count":44,"max":0.6593649,"min":-1.13931918,"runningAverage":-0.556795537,"value":-0.302711964,"weightedAverage":-0.6409926},"Tank.CumulativeReward":{"count":39,"max":1.23990715,"min":-0.3338056,"runningAverage":0.219843358,"value":0.239999965,"weightedAverage":0.150348589},"Archer.CumulativeReward":{"count":44,"max":0.211036652,"min":0.00333309826,"runningAverage":0.0484308265,"value":0.04713721,"weightedAverage":0.0440320447},"Berserker.CumulativeReward":{"count":36,"max":0.575094342,"min":-0.251736581,"runningAverage":0.03872336,"value":-0.0349999964,"weightedAverage":0.177464664}},"metadata":{"timer_format_version":"0.1.0","start_time_seconds":"1727619593","unity_version":"2021.3.28f1","command_line_arguments":"C:\\Program Files\\Unity\\Hub\\Editor\\2021.3.28f1\\Editor\\Unity.exe -projectpath D:\\project\\unity\\RPG_AI_STRATEGY -useHub -hubIPC -cloudEnvironment production -licensingIpc LicenseClient-vhan9 -hubSessionId 52f63ab2-76d1-4043-9ccd-bb06d9d5c557 -accessToken VtOji_9tQ-jSrS-cAghYgJ0DBJicFz4Xmoj7OinlYKU01ef","communication_protocol_version":"1.5.0","com.unity.ml-agents_version":"2.0.1","scene_name":"jijiTrain","end_time_seconds":"1727619787"}}