{"count":1,"self":82.3798016,"total":88.183172599999992,"children":{"InitializeActuators":{"count":100,"self":0.0020472999999999997,"total":0.0020472999999999997,"children":null},"InitializeSensors":{"count":100,"self":0.0020016,"total":0.0020016,"children":null},"AgentSendState":{"count":4164,"self":0.9790435999999999,"total":1.0017832,"children":{"CollectObservations":{"count":6854,"self":0.0080267999999999989,"total":0.0080267999999999989,"children":null},"WriteActionMask":{"count":6854,"self":0.0060316,"total":0.0060316,"children":null},"RequestDecision":{"count":6854,"self":0.0086812,"total":0.0086812,"children":null}}},"DecideAction":{"count":4164,"self":4.433238,"total":4.6991638,"children":{"RayPerceptionSensor.Perceive":{"count":20562,"self":0.2659257,"total":0.2659257,"children":null}}},"AgentAct":{"count":4164,"self":0.0983766,"total":0.0983766,"children":null}},"gauges":{"Mage.CumulativeReward":{"count":6,"max":1.47295475,"min":0.2915961,"runningAverage":0.8018929,"value":0.7165266,"weightedAverage":0.7839783},"Berserker.CumulativeReward":{"count":10,"max":1.17918861,"min":0.564827144,"runningAverage":0.887226343,"value":0.5818539,"weightedAverage":0.891616642},"Archer.CumulativeReward":{"count":5,"max":1.84816408,"min":0.901528656,"runningAverage":1.300875,"value":1.4217205,"weightedAverage":1.28020382},"Warrior.CumulativeReward":{"count":6,"max":0.8563701,"min":0.398358166,"runningAverage":0.6198834,"value":0.5279076,"weightedAverage":0.60918355},"Tank.CumulativeReward":{"count":13,"max":1.35396028,"min":0.169571444,"runningAverage":0.829778731,"value":0.5882049,"weightedAverage":0.778923452}},"metadata":{"timer_format_version":"0.1.0","start_time_seconds":"1728304672","unity_version":"2021.3.28f1","command_line_arguments":"C:\\Program Files\\Unity\\Hub\\Editor\\2021.3.28f1\\Editor\\Unity.exe -projectpath D:\\project\\unity\\RPG_AI_STRATEGY -useHub -hubIPC -cloudEnvironment production -licensingIpc LicenseClient-vhan9 -hubSessionId 4a8a7bd9-ac71-4e29-8480-c1b567a680be -accessToken cGoP6Rj7EfdpkuTP2Ode0S37hv00UaeBZFK9qgVwIVs01ef","communication_protocol_version":"1.5.0","com.unity.ml-agents_version":"2.0.1","scene_name":"jijiTrain","end_time_seconds":"1728304760"}}