{"count":1,"self":1889.8446336,"total":18676.1554137,"children":{"InitializeActuators":{"count":84010,"self":0.3032572,"total":0.3032572,"children":null},"InitializeSensors":{"count":84010,"self":0.96557189999999993,"total":0.96557189999999993,"children":null},"AgentInfo.ToProto":{"count":83889,"self":0.3165339,"total":4.5342272999999995,"children":{"GenerateSensorData":{"count":83889,"self":2.1869244,"total":4.2176934,"children":{"RayPerceptionSensor.Perceive":{"count":251667,"self":2.030769,"total":2.030769,"children":null}}}}},"AgentSendState":{"count":541007,"self":2312.5362688,"total":2872.0688067,"children":{"CollectObservations":{"count":13155384,"self":1.9484827999999998,"total":1.9484827999999998,"children":null},"WriteActionMask":{"count":13155384,"self":8.9320703999999989,"total":8.9320700999999989,"children":null},"RequestDecision":{"count":13155384,"self":14.2681008,"total":548.652066,"children":{"AgentInfo.ToProto":{"count":13155384,"self":13.052356,"total":534.3839656,"children":{"GenerateSensorData":{"count":13155384,"self":232.2883072,"total":521.33160939999993,"children":{"RayPerceptionSensor.Perceive":{"count":39466152,"self":289.04330239999996,"total":289.0433139,"children":null}}}}}}}}},"DecideAction":{"count":541007,"self":9519.0876159999989,"total":9519.0874876,"children":null},"AgentAct":{"count":541007,"self":4389.3501952,"total":4389.3503512,"children":null}},"gauges":{},"metadata":{"timer_format_version":"0.1.0","start_time_seconds":"1726263828","unity_version":"2021.3.28f1","command_line_arguments":"C:\\Program Files\\Unity\\Hub\\Editor\\2021.3.28f1\\Editor\\Unity.exe -projectpath D:\\project\\unity\\RPG_AI_STRATEGY -useHub -hubIPC -cloudEnvironment production -licensingIpc LicenseClient-vhan9 -hubSessionId 21517ad7-7f0e-4b9f-b8ab-0ba16404446d -accessToken KzQp3cmCrVef7IDmx0gTa0Tg9ilKm94WPi6vsMQwOvg01ef","communication_protocol_version":"1.5.0","com.unity.ml-agents_version":"2.0.1","scene_name":"jijiTrain","end_time_seconds":"1726282504"}}