{"count":1,"self":1534.1807615999999,"total":14819.4142375,"children":{"InitializeActuators":{"count":102086,"self":0.8601247,"total":0.8601247,"children":null},"InitializeSensors":{"count":102086,"self":2.8919534,"total":2.8919534,"children":null},"AgentSendState":{"count":275988,"self":3145.6741376,"total":4067.8854321,"children":{"CollectObservations":{"count":13194678,"self":6.3439704,"total":6.3439706,"children":null},"WriteActionMask":{"count":13194678,"self":25.355937599999997,"total":25.3559383,"children":null},"RequestDecision":{"count":13194678,"self":65.797241599999992,"total":890.5113829,"children":{"AgentInfo.ToProto":{"count":13194678,"self":41.99288,"total":824.7141398,"children":{"GenerateSensorData":{"count":13194678,"self":474.72378879999997,"total":782.72126059999994,"children":{"RayPerceptionSensor.Perceive":{"count":39584034,"self":307.9974656,"total":307.99745939999997,"children":null}}}}}}}}},"DecideAction":{"count":275988,"self":9092.210688,"total":9092.2108851,"children":null},"AgentAct":{"count":275988,"self":113.0803712,"total":113.0803679,"children":null},"AgentInfo.ToProto":{"count":102147,"self":0.9069222,"total":8.3037558999999987,"children":{"GenerateSensorData":{"count":102147,"self":4.5876868,"total":7.3968336999999993,"children":{"RayPerceptionSensor.Perceive":{"count":306441,"self":2.8091467999999997,"total":2.8091469,"children":null}}}}}},"gauges":{"Mage.CumulativeReward":{"count":175,"max":13.1933327,"min":-2.10999966,"runningAverage":3.98716187,"value":5.419998,"weightedAverage":4.639184},"Warrior.CumulativeReward":{"count":25,"max":10.2,"min":2.485,"runningAverage":4.996401,"value":3.77000022,"weightedAverage":5.32754946},"Berserker.CumulativeReward":{"count":75,"max":9.955,"min":-0.9250001,"runningAverage":2.854,"value":-0.9250001,"weightedAverage":3.10219431}},"metadata":{"timer_format_version":"0.1.0","start_time_seconds":"1716108005","unity_version":"2021.3.28f1","command_line_arguments":"C:\/Program Files\/Unity 2021.3.28f1\/Editor\/Unity.exe -projectpath D:\\RPG_AI_STRATEGY -useHub -hubIPC -cloudEnvironment production -licensingIpc LicenseClient-3yNyViXW11sDlIbkz4I8b -hubSessionId 2b843593-c9b6-41a8-bd1b-75869648d4d8 -accessToken BFZTyG7ss_hLKO36vh16pENeuR1Nz-oVxUvKprhz7gk01ef","communication_protocol_version":"1.5.0","com.unity.ml-agents_version":"2.0.1","scene_name":"SampleScene","end_time_seconds":"1716122825"}}