{"count":1,"self":63.300736,"total":69.9986369,"children":{"InitializeActuators":{"count":174,"self":0.0019776999999999998,"total":0.0019776999999999998,"children":null},"InitializeSensors":{"count":174,"self":0.0055388999999999994,"total":0.0055388999999999994,"children":null},"AgentSendState":{"count":3231,"self":2.2997343999999997,"total":2.3392331,"children":{"CollectObservations":{"count":10150,"self":0.0029914,"total":0.0029914,"children":null},"WriteActionMask":{"count":10150,"self":0.013526499999999999,"total":0.013526499999999999,"children":null},"RequestDecision":{"count":10150,"self":0.0229807,"total":0.0229807,"children":null}}},"DecideAction":{"count":3231,"self":3.9115607999999997,"total":4.2480969,"children":{"RayPerceptionSensor.Perceive":{"count":30450,"self":0.3365362,"total":0.3365362,"children":null}}},"AgentAct":{"count":3231,"self":0.10305689999999999,"total":0.10305689999999999,"children":null}},"gauges":{"Warrior.CumulativeReward":{"count":5,"max":2.47,"min":-223.049988,"runningAverage":-63.67,"value":-47.8649979,"weightedAverage":-52.23275},"Berserker.CumulativeReward":{"count":11,"max":10.2750006,"min":-0.55,"runningAverage":4.951819,"value":7.81000233,"weightedAverage":6.08327},"Mage.CumulativeReward":{"count":14,"max":6.20999956,"min":-0.429999918,"runningAverage":3.17357135,"value":4.33999968,"weightedAverage":4.17832041}},"metadata":{"timer_format_version":"0.1.0","start_time_seconds":"1718675888","unity_version":"2021.3.28f1","command_line_arguments":"C:\/Program Files\/Unity 2021.3.28f1\/Editor\/Unity.exe -projectpath D:\\RPG_AI_STRATEGY -useHub -hubIPC -cloudEnvironment production -licensingIpc LicenseClient-bob10 -hubSessionId 8eda5a8f-ce2d-4579-8580-0fa8c9e955ac -accessToken pv1fRvnV5s3j9PyRLlAg7EwLTGHasNXGuwT67cCklT801ef","communication_protocol_version":"1.5.0","com.unity.ml-agents_version":"2.0.1","scene_name":"SampleScene","end_time_seconds":"1718675958"}}