{"count":1,"self":75.778399999999991,"total":96.285545599999992,"children":{"InitializeActuators":{"count":931,"self":0.0078143,"total":0.0078143,"children":null},"InitializeSensors":{"count":931,"self":0.014159699999999999,"total":0.014159699999999999,"children":null},"AgentSendState":{"count":4564,"self":10.7930656,"total":11.389839499999999,"children":{"CollectObservations":{"count":148986,"self":0.057793699999999996,"total":0.057793699999999996,"children":null},"WriteActionMask":{"count":148986,"self":0.2393997,"total":0.2393997,"children":null},"RequestDecision":{"count":148986,"self":0.29958049999999997,"total":0.29958049999999997,"children":null}}},"DecideAction":{"count":4564,"self":6.0579595999999993,"total":7.3391338999999993,"children":{"RayPerceptionSensor.Perceive":{"count":297972,"self":1.2811742,"total":1.2811742,"children":null}}},"AgentAct":{"count":4564,"self":1.7551932,"total":1.7551932,"children":null}},"gauges":{"My Behavior.CumulativeReward":{"count":149,"max":23.7699928,"min":0.359999955,"runningAverage":9.029731,"value":8.530001,"weightedAverage":10.1233578}},"metadata":{"timer_format_version":"0.1.0","start_time_seconds":"1713855510","unity_version":"2021.3.28f1","command_line_arguments":"C:\/Program Files\/Unity 2021.3.28f1\/Editor\/Unity.exe -projectpath D:\\RPG_AI_STRATEGY -useHub -hubIPC -cloudEnvironment production -licensingIpc LicenseClient-bob10 -hubSessionId e96a5fca-ae01-4a6e-8fa6-792bfac616bb -accessToken mTPnNwmrEbXWKWXY_cp1yW-JqcNcdtiEoYMAXlX8FXo01ef","communication_protocol_version":"1.5.0","com.unity.ml-agents_version":"2.0.1","scene_name":"SampleScene","end_time_seconds":"1713855607"}}