{"count":1,"self":59.5897984,"total":62.8888864,"children":{"InitializeActuators":{"count":140,"self":0.0030271,"total":0.0030271,"children":null},"InitializeSensors":{"count":140,"self":0.0060111999999999995,"total":0.0060111999999999995,"children":null},"AgentSendState":{"count":2900,"self":1.5671952999999998,"total":1.5979333999999998,"children":{"CollectObservations":{"count":7249,"self":0.0031027999999999997,"total":0.0031027999999999997,"children":null},"WriteActionMask":{"count":7249,"self":0.0159146,"total":0.0159146,"children":null},"RequestDecision":{"count":7249,"self":0.011720699999999999,"total":0.011720699999999999,"children":null}}},"DecideAction":{"count":2900,"self":1.4926129,"total":1.6004056,"children":{"RayPerceptionSensor.Perceive":{"count":21747,"self":0.10779269999999999,"total":0.10779269999999999,"children":null}}},"AgentAct":{"count":2900,"self":0.091206399999999993,"total":0.091206399999999993,"children":null}},"gauges":{"Warrior.CumulativeReward":{"count":2,"max":3.87499976,"min":-3.37999916,"runningAverage":0.2475003,"value":-3.37999916,"weightedAverage":2.06125},"Mage.CumulativeReward":{"count":4,"max":5.74999857,"min":0.37,"runningAverage":2.735,"value":5.74999857,"weightedAverage":2.81468725},"Berserker.CumulativeReward":{"count":3,"max":9.40000248,"min":4.33500147,"runningAverage":7.278334,"value":9.40000248,"weightedAverage":6.307189}},"metadata":{"timer_format_version":"0.1.0","start_time_seconds":"1718632905","unity_version":"2021.3.28f1","command_line_arguments":"C:\\Program Files\\Unity\\Hub\\Editor\\2021.3.28f1\\Editor\\Unity.exe -projectpath D:\\project\\unity\\RPG_AI_STRATEGY -useHub -hubIPC -cloudEnvironment production -licensingIpc LicenseClient-vhan9 -hubSessionId 2bc36095-d154-43ec-8e8b-916a796743aa -accessToken M0Z939hVGeNfOjVumPI7uVynGlr7XhPCW3zX3_Ih2Jo01ef","communication_protocol_version":"1.5.0","com.unity.ml-agents_version":"2.0.1","scene_name":"SampleScene","end_time_seconds":"1718632968"}}