{"count":1,"self":181.98078719999998,"total":202.4145892,"children":{"InitializeActuators":{"count":820,"self":0.0030229,"total":0.0030229,"children":null},"InitializeSensors":{"count":820,"self":0.0050009999999999994,"total":0.0050009999999999994,"children":null},"AgentSendState":{"count":9875,"self":11.9226808,"total":12.0576656,"children":{"CollectObservations":{"count":67748,"self":0.013501899999999999,"total":0.013501899999999999,"children":null},"WriteActionMask":{"count":67748,"self":0.053273799999999996,"total":0.053273799999999996,"children":null},"RequestDecision":{"count":67748,"self":0.0479401,"total":0.0682088,"children":{"RayPerceptionSensor.Perceive":{"count":5925,"self":0.0202687,"total":0.0202687,"children":null}}}}},"DecideAction":{"count":9875,"self":6.8978576,"total":7.8708770999999995,"children":{"RayPerceptionSensor.Perceive":{"count":197319,"self":0.97301909999999991,"total":0.97301909999999991,"children":null}}},"AgentAct":{"count":9875,"self":0.4962431,"total":0.4962431,"children":null}},"gauges":{"Warrior.CumulativeReward":{"count":44,"max":6.97500038,"min":-5.825,"runningAverage":2.148068,"value":6.97500038,"weightedAverage":3.856173},"Mage.CumulativeReward":{"count":97,"max":8.630001,"min":-0.969999731,"runningAverage":2.34577346,"value":4.31,"weightedAverage":3.09485817},"Berserker.CumulativeReward":{"count":94,"max":16.7050018,"min":-3.19999981,"runningAverage":3.914576,"value":9.775003,"weightedAverage":5.38256264}},"metadata":{"timer_format_version":"0.1.0","start_time_seconds":"1719657650","unity_version":"2021.3.28f1","command_line_arguments":"C:\/Program Files\/Unity 2021.3.28f1\/Editor\/Unity.exe -projectpath D:\\RPG_AI_STRATEGY -useHub -hubIPC -cloudEnvironment production -licensingIpc LicenseClient-W-ph3z51Vrz_3Si1YVmST -hubSessionId 680a6762-60a3-4571-95b0-f519dcbba64f -accessToken QFGyMskSQRxqjf2pGUbY_QPzVwldVglpe4fPgNy8t0c01ef","communication_protocol_version":"1.5.0","com.unity.ml-agents_version":"2.0.1","scene_name":"SampleScene","end_time_seconds":"1719657852"}}