{"count":1,"self":86.1683072,"total":91.8111187,"children":{"InitializeActuators":{"count":203,"self":0.0019985,"total":0.0019985,"children":null},"InitializeSensors":{"count":203,"self":0.0035792999999999997,"total":0.0035792999999999997,"children":null},"AgentSendState":{"count":3999,"self":2.5882983999999998,"total":2.6175308999999998,"children":{"CollectObservations":{"count":13239,"self":0.0020082999999999998,"total":0.0020082999999999998,"children":null},"WriteActionMask":{"count":13239,"self":0.0182024,"total":0.0182024,"children":null},"RequestDecision":{"count":13239,"self":0.0090218,"total":0.0090218,"children":null}}},"DecideAction":{"count":3999,"self":2.7535209999999997,"total":2.9102571,"children":{"RayPerceptionSensor.Perceive":{"count":39717,"self":0.1567361,"total":0.1567361,"children":null}}},"AgentAct":{"count":3999,"self":0.10844709999999999,"total":0.10844709999999999,"children":null}},"gauges":{"Warrior.CumulativeReward":{"count":12,"max":5.375,"min":-0.07999996,"runningAverage":2.00625014,"value":1.4,"weightedAverage":1.55844688},"Berserker.CumulativeReward":{"count":15,"max":11.5350008,"min":-3.17499733,"runningAverage":3.825335,"value":5.66000175,"weightedAverage":4.92172146},"Mage.CumulativeReward":{"count":12,"max":9.209999,"min":-0.619999766,"runningAverage":2.96166658,"value":1.61000013,"weightedAverage":2.46074748}},"metadata":{"timer_format_version":"0.1.0","start_time_seconds":"1719390681","unity_version":"2021.3.28f1","command_line_arguments":"C:\/Program Files\/Unity 2021.3.28f1\/Editor\/Unity.exe -projectpath D:\\RPG_AI_STRATEGY -useHub -hubIPC -cloudEnvironment production -licensingIpc LicenseClient-GN49ZHVTJbiK3kBXzwQqy -hubSessionId 6d47a199-c080-46cf-9b83-279c895c3355 -accessToken HZnKgTL5knzcSK6bGNQ7ni6JL7b7fZbkkIfFDVY45GY01ef","communication_protocol_version":"1.5.0","com.unity.ml-agents_version":"2.0.1","scene_name":"SampleScene","end_time_seconds":"1719390772"}}