{"count":1,"self":96.0084672,"total":1757.6441350999999,"children":{"InitializeActuators":{"count":5988,"self":0.025714599999999997,"total":0.025714599999999997,"children":null},"InitializeSensors":{"count":5988,"self":0.0776545,"total":0.0776545,"children":null},"AgentInfo.ToProto":{"count":5824,"self":0.021931,"total":0.2667674,"children":{"GenerateSensorData":{"count":5824,"self":0.14204909999999998,"total":0.24483639999999998,"children":{"RayPerceptionSensor.Perceive":{"count":17472,"self":0.1027873,"total":0.1027873,"children":null}}}}},"AgentSendState":{"count":51767,"self":285.7572608,"total":346.369529,"children":{"CollectObservations":{"count":1747753,"self":0.3223876,"total":0.3223876,"children":null},"WriteActionMask":{"count":1747753,"self":2.0716304,"total":2.0716305,"children":null},"RequestDecision":{"count":1747753,"self":1.9692433999999999,"total":58.218260099999995,"children":{"AgentInfo.ToProto":{"count":1747753,"self":1.9446628,"total":56.2490167,"children":{"GenerateSensorData":{"count":1747753,"self":26.636988799999997,"total":54.304353799999994,"children":{"RayPerceptionSensor.Perceive":{"count":5243259,"self":27.6673664,"total":27.6673649,"children":null}}}}}}}}},"DecideAction":{"count":51767,"self":1306.9513728,"total":1306.9514026,"children":null},"AgentAct":{"count":51767,"self":7.9435895999999993,"total":7.9435895,"children":null}},"gauges":{},"metadata":{"timer_format_version":"0.1.0","start_time_seconds":"1722941931","unity_version":"2021.3.28f1","command_line_arguments":"C:\/Program Files\/Unity 2021.3.28f1\/Editor\/Unity.exe -projectpath D:\\RPG_AI_STRATEGY -useHub -hubIPC -cloudEnvironment production -licensingIpc LicenseClient-nHxLHM2RQ_RGxPVgaFdtT -hubSessionId a730de19-47b1-4ab9-820f-fffb13f361fa -accessToken QCDutXzn24XYdMehAaEZ6DCNygA25hrXFK5Pp-7efNo01ef","communication_protocol_version":"1.5.0","com.unity.ml-agents_version":"2.0.1","scene_name":"SampleScene","end_time_seconds":"1722943688"}}