{"count":1,"self":12.1684472,"total":13.0038115,"children":{"InitializeActuators":{"count":84,"self":0.0020150999999999997,"total":0.0020150999999999997,"children":null},"InitializeSensors":{"count":84,"self":0.0040005,"total":0.0040005,"children":null},"AgentSendState":{"count":404,"self":0.2027021,"total":0.2097364,"children":{"CollectObservations":{"count":845,"self":0.0010061999999999998,"total":0.0010061999999999998,"children":null},"WriteActionMask":{"count":845,"self":0.0030215999999999997,"total":0.0030215999999999997,"children":null},"RequestDecision":{"count":845,"self":0.0030065,"total":0.0030065,"children":null}}},"DecideAction":{"count":404,"self":0.56679269999999993,"total":0.6020308,"children":{"RayPerceptionSensor.Perceive":{"count":2535,"self":0.0352381,"total":0.0352381,"children":null}}},"AgentAct":{"count":404,"self":0.016579899999999998,"total":0.016579899999999998,"children":null}},"gauges":{},"metadata":{"timer_format_version":"0.1.0","start_time_seconds":"1718633795","unity_version":"2021.3.28f1","command_line_arguments":"C:\/Program Files\/Unity 2021.3.28f1\/Editor\/Unity.exe -projectpath D:\\RPG_AI_STRATEGY -useHub -hubIPC -cloudEnvironment production -licensingIpc LicenseClient-Z6jEfKeGfRxAEfW3E2v_K -hubSessionId d4f450f3-1604-4019-b356-70d538675fc7 -accessToken b5s9ghoraYEc0qYjE04IqRKf7wKJTaBgxjwFDPbpwjI01ef","communication_protocol_version":"1.5.0","com.unity.ml-agents_version":"2.0.1","scene_name":"SampleScene","end_time_seconds":"1718633808"}}