{"count":1,"self":169.03146239999998,"total":188.1005461,"children":{"InitializeActuators":{"count":770,"self":0.0050094,"total":0.0050094,"children":null},"InitializeSensors":{"count":770,"self":0.0095114999999999991,"total":0.0095114999999999991,"children":null},"AgentSendState":{"count":9160,"self":11.1084272,"total":11.2468097,"children":{"CollectObservations":{"count":61793,"self":0.0135191,"total":0.0135191,"children":null},"WriteActionMask":{"count":61793,"self":0.055131099999999995,"total":0.055131099999999995,"children":null},"RequestDecision":{"count":61793,"self":0.051875399999999995,"total":0.069732099999999991,"children":{"RayPerceptionSensor.Perceive":{"count":5496,"self":0.0178567,"total":0.0178567,"children":null}}}}},"DecideAction":{"count":9160,"self":6.5197568,"total":7.3418101999999994,"children":{"RayPerceptionSensor.Perceive":{"count":179883,"self":0.82205319999999993,"total":0.82205319999999993,"children":null}}},"AgentAct":{"count":9160,"self":0.463941,"total":0.463941,"children":null}},"gauges":{"Mage.CumulativeReward":{"count":81,"max":8.559999,"min":-3.98999929,"runningAverage":2.32160544,"value":-0.8399999,"weightedAverage":1.16277146},"Berserker.CumulativeReward":{"count":84,"max":12.6849966,"min":-4.05499744,"runningAverage":4.072262,"value":3.725,"weightedAverage":4.570038},"Warrior.CumulativeReward":{"count":39,"max":6.575001,"min":-175.7,"runningAverage":-9.145386,"value":5.15000057,"weightedAverage":1.36754918}},"metadata":{"timer_format_version":"0.1.0","start_time_seconds":"1719657410","unity_version":"2021.3.28f1","command_line_arguments":"C:\/Program Files\/Unity 2021.3.28f1\/Editor\/Unity.exe -projectpath D:\\RPG_AI_STRATEGY -useHub -hubIPC -cloudEnvironment production -licensingIpc LicenseClient-W-ph3z51Vrz_3Si1YVmST -hubSessionId 680a6762-60a3-4571-95b0-f519dcbba64f -accessToken QFGyMskSQRxqjf2pGUbY_QPzVwldVglpe4fPgNy8t0c01ef","communication_protocol_version":"1.5.0","com.unity.ml-agents_version":"2.0.1","scene_name":"SampleScene","end_time_seconds":"1719657598"}}