{"count":1,"self":134.8909952,"total":299.1014584,"children":{"InitializeActuators":{"count":4617,"self":0.030197599999999998,"total":0.030197599999999998,"children":null},"InitializeSensors":{"count":4617,"self":0.1105545,"total":0.1105545,"children":null},"AgentSendState":{"count":14695,"self":105.8354432,"total":108.75668979999999,"children":{"CollectObservations":{"count":685355,"self":0.2294339,"total":0.2294339,"children":null},"WriteActionMask":{"count":685355,"self":1.0805202,"total":1.0805202,"children":null},"RequestDecision":{"count":685355,"self":1.6112923,"total":1.6112923,"children":null}}},"DecideAction":{"count":14695,"self":34.518003199999995,"total":49.4741958,"children":{"RayPerceptionSensor.Perceive":{"count":2056065,"self":14.956193599999999,"total":14.9561929,"children":null}}},"AgentAct":{"count":14695,"self":5.8372915999999995,"total":5.8372915999999995,"children":null}},"gauges":{"Mage.CumulativeReward":{"count":172,"max":11.1998835,"min":-0.754923165,"runningAverage":4.38351345,"value":0.2000001,"weightedAverage":2.79088759},"Warrior.CumulativeReward":{"count":23,"max":9.530001,"min":-0.6799997,"runningAverage":2.98652172,"value":3.73500037,"weightedAverage":4.94812775},"Berserker.CumulativeReward":{"count":50,"max":19.7549973,"min":-2.65999985,"runningAverage":7.35050058,"value":0.3200003,"weightedAverage":6.38422346}},"metadata":{"timer_format_version":"0.1.0","start_time_seconds":"1716046910","unity_version":"2021.3.28f1","command_line_arguments":"C:\/Program Files\/Unity 2021.3.28f1\/Editor\/Unity.exe -projectpath D:\\RPG_AI_STRATEGY -useHub -hubIPC -cloudEnvironment production -licensingIpc LicenseClient-LkLlK6hh-1VJXHH9Gz9NM -hubSessionId bf729e23-d6f8-4d74-bbc5-f8bed321a0f7 -accessToken d7fJET_VMTydHBRSjyS2pHMMEl8h_izhTuJhDpSLXFw01ef","communication_protocol_version":"1.5.0","com.unity.ml-agents_version":"2.0.1","scene_name":"SampleScene","end_time_seconds":"1716047209"}}