{"count":1,"self":229.9144192,"total":255.16530809999998,"children":{"InitializeActuators":{"count":914,"self":0.0040057999999999995,"total":0.0040057999999999995,"children":null},"InitializeSensors":{"count":914,"self":0.006003,"total":0.006003,"children":null},"AgentSendState":{"count":12506,"self":14.4673728,"total":14.6644609,"children":{"CollectObservations":{"count":79871,"self":0.020045999999999998,"total":0.020045999999999998,"children":null},"WriteActionMask":{"count":79871,"self":0.089839999999999989,"total":0.089839999999999989,"children":null},"RequestDecision":{"count":79871,"self":0.068672,"total":0.0872027,"children":{"RayPerceptionSensor.Perceive":{"count":6045,"self":0.0185307,"total":0.0185307,"children":null}}}}},"DecideAction":{"count":12506,"self":8.9042928,"total":10.0251173,"children":{"RayPerceptionSensor.Perceive":{"count":233568,"self":1.1208247999999998,"total":1.1208247999999998,"children":null}}},"AgentAct":{"count":12506,"self":0.55131089999999994,"total":0.55131089999999994,"children":null},"RayPerceptionSensor.Perceive":{"count":3,"self":0,"total":0,"children":null}},"gauges":{"Berserker.CumulativeReward":{"count":81,"max":11.4750013,"min":-1.55000019,"runningAverage":4.32956839,"value":5.300002,"weightedAverage":4.391112},"Warrior.CumulativeReward":{"count":52,"max":8.975,"min":-133.15,"runningAverage":-4.5567317,"value":3.97499967,"weightedAverage":-0.6936528},"Mage.CumulativeReward":{"count":80,"max":8.260001,"min":-1.5599997,"runningAverage":2.47225046,"value":1.0800004,"weightedAverage":2.03159046}},"metadata":{"timer_format_version":"0.1.0","start_time_seconds":"1719928099","unity_version":"2021.3.28f1","command_line_arguments":"C:\/Program Files\/Unity 2021.3.28f1\/Editor\/Unity.exe -projectpath D:\\RPG_AI_STRATEGY -useHub -hubIPC -cloudEnvironment production -licensingIpc LicenseClient-qQxZ7ViZjdy2AQgP6xxIf -hubSessionId 5cdbbe89-da52-46ee-bbe8-ca6164c38cb0 -accessToken xXqfs2c28hN3jFKtUzviIY8F_5SxsOIMRxalkUk_ak001ef","communication_protocol_version":"1.5.0","com.unity.ml-agents_version":"2.0.1","scene_name":"SampleScene","end_time_seconds":"1719928354"}}