{"count":1,"self":25.295966399999998,"total":28.1299516,"children":{"InitializeActuators":{"count":231,"self":0.0031363999999999997,"total":0.0031363999999999997,"children":null},"InitializeSensors":{"count":231,"self":0.0040619,"total":0.0040619,"children":null},"AgentSendState":{"count":1162,"self":1.3182569,"total":1.3861029999999999,"children":{"CollectObservations":{"count":20738,"self":0.0050003999999999995,"total":0.0050003999999999995,"children":null},"WriteActionMask":{"count":20738,"self":0.011519,"total":0.011519,"children":null},"RequestDecision":{"count":20738,"self":0.051326699999999996,"total":0.051326699999999996,"children":null}}},"DecideAction":{"count":1162,"self":0.89986559999999993,"total":1.0848006,"children":{"RayPerceptionSensor.Perceive":{"count":41476,"self":0.184935,"total":0.184935,"children":null}}},"AgentAct":{"count":1162,"self":0.35388359999999996,"total":0.35388359999999996,"children":null}},"gauges":{"My Behavior.CumulativeReward":{"count":48,"max":6.359999,"min":-0.6099999,"runningAverage":3.33625,"value":4.09,"weightedAverage":3.49361014}},"metadata":{"timer_format_version":"0.1.0","start_time_seconds":"1712674404","unity_version":"2021.3.28f1","command_line_arguments":"C:\/Program Files\/Unity 2021.3.28f1\/Editor\/Unity.exe -projectpath D:\\RPG_AI_STRATEGY -useHub -hubIPC -cloudEnvironment production -licensingIpc LicenseClient-hPBwPPtq-2K3PtWH1OLd_ -hubSessionId e64e0581-283d-44ca-a684-7f92597ded79 -accessToken -iX0Ei9HdCzJ30xm5WcF1rB8JQbJhB9z2zHvNZGXhRQ01ef","communication_protocol_version":"1.5.0","com.unity.ml-agents_version":"2.0.1","scene_name":"SampleScene","end_time_seconds":"1712674432"}}
