{"count":1,"self":7800.4846591999994,"total":54361.410072499995,"children":{"InitializeActuators":{"count":652384,"self":2.5178176,"total":2.5178175,"children":null},"InitializeSensors":{"count":652384,"self":8.114752,"total":8.1147516,"children":null},"AgentSendState":{"count":1814730,"self":10944.250675199999,"total":13157.0352055,"children":{"CollectObservations":{"count":87925433,"self":19.641616,"total":19.6416154,"children":null},"WriteActionMask":{"count":87925433,"self":76.6946048,"total":76.6946055,"children":null},"RequestDecision":{"count":87925433,"self":99.414457599999992,"total":2116.448367,"children":{"AgentInfo.ToProto":{"count":87925433,"self":82.539104,"total":2017.0339093999999,"children":{"GenerateSensorData":{"count":87925433,"self":1014.8322304,"total":1934.4948058999998,"children":{"RayPerceptionSensor.Perceive":{"count":263776299,"self":919.6625919999999,"total":919.6625707,"children":null}}}}}}}}},"DecideAction":{"count":1814730,"self":32584.3943424,"total":32584.3938398,"children":null},"AgentAct":{"count":1814730,"self":781.78344959999993,"total":781.7834366,"children":null},"AgentInfo.ToProto":{"count":652428,"self":3.4899519999999997,"total":27.080354399999997,"children":{"GenerateSensorData":{"count":652428,"self":14.4394336,"total":23.5904024,"children":{"RayPerceptionSensor.Perceive":{"count":1957284,"self":9.1509688,"total":9.1509687,"children":null}}}}}},"gauges":{"My Behavior.CumulativeReward":{"count":292,"max":26.4699936,"min":-2.69999981,"runningAverage":4.914315,"value":3.80000019,"weightedAverage":2.68213964}},"metadata":{"timer_format_version":"0.1.0","start_time_seconds":"1715710645","unity_version":"2021.3.28f1","command_line_arguments":"C:\\Program Files\\Unity\\Hub\\Editor\\2021.3.28f1\\Editor\\Unity.exe -projectpath D:\\project\\unity\\RPG_AI_STRATEGY -useHub -hubIPC -cloudEnvironment production -licensingIpc LicenseClient-vhan9 -hubSessionId 4ec44ae2-9970-491e-a7aa-790344298687 -accessToken f2PlruJS9HxD3OAzcjG3butvQbfLiSSouvMmq9rg5cY01ef","communication_protocol_version":"1.5.0","com.unity.ml-agents_version":"2.0.1","scene_name":"SampleScene","end_time_seconds":"1715765006"}}