{"count":1,"self":128.474176,"total":666.9458648,"children":{"InitializeActuators":{"count":2122,"self":0.0170215,"total":0.0170215,"children":null},"InitializeSensors":{"count":2122,"self":0.052537099999999996,"total":0.052537099999999996,"children":null},"AgentSendState":{"count":16542,"self":99.391263999999993,"total":149.1547636,"children":{"CollectObservations":{"count":766333,"self":0.6197244,"total":0.6197244,"children":null},"WriteActionMask":{"count":766333,"self":1.4358752,"total":1.4358752,"children":null},"RequestDecision":{"count":766333,"self":4.21199,"total":47.707901,"children":{"AgentInfo.ToProto":{"count":766333,"self":2.5458824,"total":43.495911,"children":{"GenerateSensorData":{"count":766333,"self":24.883211199999998,"total":40.950028499999995,"children":{"RayPerceptionSensor.Perceive":{"count":1532666,"self":16.0668176,"total":16.066817999999998,"children":null}}}}}}}}},"DecideAction":{"count":16542,"self":380.40230399999996,"total":380.4023031,"children":null},"AgentAct":{"count":16542,"self":8.6655496,"total":8.6655499,"children":null},"AgentInfo.ToProto":{"count":2176,"self":0.0180929,"total":0.1785163,"children":{"GenerateSensorData":{"count":2176,"self":0.10800349999999999,"total":0.1604234,"children":{"RayPerceptionSensor.Perceive":{"count":4352,"self":0.0524199,"total":0.0524199,"children":null}}}}}},"gauges":{"My Behavior.CumulativeReward":{"count":272,"max":40.6299973,"min":-25.9100475,"runningAverage":3.10849166,"value":-25.9100475,"weightedAverage":-4.283398}},"metadata":{"timer_format_version":"0.1.0","start_time_seconds":"1715594843","unity_version":"2021.3.28f1","command_line_arguments":"C:\/Program Files\/Unity 2021.3.28f1\/Editor\/Unity.exe -projectpath D:\\RPG_AI_STRATEGY -useHub -hubIPC -cloudEnvironment production -licensingIpc LicenseClient-bob10 -hubSessionId 5328abda-73c2-44c6-9702-97b93d4edef0 -accessToken IZuW-xEc8PmNU4gkiKKIyu7nqjT4XZjHkQnC_ygjT8401ef","communication_protocol_version":"1.5.0","com.unity.ml-agents_version":"2.0.1","scene_name":"SampleScene","end_time_seconds":"1715595510"}}