{"count":1,"self":172.91137279999998,"total":229.545716,"children":{"InitializeActuators":{"count":2660,"self":0.025088799999999998,"total":0.025088799999999998,"children":null},"InitializeSensors":{"count":2660,"self":0.040797599999999996,"total":0.040797599999999996,"children":null},"AgentSendState":{"count":11228,"self":30.042291199999998,"total":31.7297393,"children":{"CollectObservations":{"count":413738,"self":0.1311963,"total":0.1311963,"children":null},"WriteActionMask":{"count":413738,"self":0.74595119999999993,"total":0.74595119999999993,"children":null},"RequestDecision":{"count":413738,"self":0.8102994,"total":0.8102994,"children":null}}},"DecideAction":{"count":11228,"self":16.4757232,"total":20.0298145,"children":{"RayPerceptionSensor.Perceive":{"count":827476,"self":3.5540912,"total":3.5540914,"children":null}}},"AgentAct":{"count":11228,"self":4.8078688,"total":4.807869,"children":null}},"gauges":{"My Behavior.CumulativeReward":{"count":84,"max":14.5500011,"min":2.36000013,"runningAverage":6.40892744,"value":12.6200008,"weightedAverage":11.1025238}},"metadata":{"timer_format_version":"0.1.0","start_time_seconds":"1713830028","unity_version":"2021.3.28f1","command_line_arguments":"C:\/Program Files\/Unity 2021.3.28f1\/Editor\/Unity.exe -projectpath D:\\RPG_AI_STRATEGY -useHub -hubIPC -cloudEnvironment production -licensingIpc LicenseClient-vcOsy_2Y6oPBBgFZWnaEt -hubSessionId 19edad2c-83f6-45a9-bfc6-eccf08316657 -accessToken R64W4f7eBT2fDpT7M4ws5swb-2lilvHHd_GwbdBrLcA01ef","communication_protocol_version":"1.5.0","com.unity.ml-agents_version":"2.0.1","scene_name":"SampleScene","end_time_seconds":"1713830258"}}