{"count":1,"self":10062.326169599999,"total":11302.5897678,"children":{"InitializeActuators":{"count":14840,"self":0.1730493,"total":0.1730493,"children":null},"InitializeSensors":{"count":14840,"self":0.2522356,"total":0.2522356,"children":null},"AgentSendState":{"count":61380,"self":185.7310464,"total":270.4583201,"children":{"CollectObservations":{"count":2332068,"self":1.0091265999999999,"total":1.0091265999999999,"children":null},"WriteActionMask":{"count":2332068,"self":5.2899256,"total":5.2899253999999996,"children":null},"RequestDecision":{"count":2332068,"self":11.0130992,"total":78.4282178,"children":{"AgentInfo.ToProto":{"count":2332068,"self":6.6863307999999995,"total":67.4151186,"children":{"GenerateSensorData":{"count":2332068,"self":39.4685504,"total":60.7287879,"children":{"RayPerceptionSensor.Perceive":{"count":4664136,"self":21.260236799999998,"total":21.2602367,"children":null}}}}}}}}},"DecideAction":{"count":61380,"self":938.2219776,"total":938.2219872,"children":null},"AgentAct":{"count":61380,"self":30.4096512,"total":30.409651999999998,"children":null},"AgentInfo.ToProto":{"count":15373,"self":0.1285598,"total":0.7483636,"children":{"GenerateSensorData":{"count":15373,"self":0.4224824,"total":0.6198038,"children":{"RayPerceptionSensor.Perceive":{"count":30746,"self":0.19732139999999998,"total":0.19732139999999998,"children":null}}}}}},"gauges":{"My Behavior.CumulativeReward":{"count":722,"max":23.9499931,"min":-11.210001,"runningAverage":4.582634,"value":13.7499981,"weightedAverage":7.25604057}},"metadata":{"timer_format_version":"0.1.0","start_time_seconds":"1714978464","unity_version":"2021.3.28f1","command_line_arguments":"C:\/Program Files\/Unity 2021.3.28f1\/Editor\/Unity.exe -projectpath D:\\RPG_AI_STRATEGY -useHub -hubIPC -cloudEnvironment production -licensingIpc LicenseClient-bob10 -hubSessionId 1cca93d1-9680-4ef1-a46a-632609dc2f86 -accessToken XGrSt77YtIZ_pg2uJqyTXL6evrA8xS-Xb-Kn6ilE5S401ef","communication_protocol_version":"1.5.0","com.unity.ml-agents_version":"2.0.1","scene_name":"SampleScene","end_time_seconds":"1714989766"}}