{"count":1,"self":265.6124416,"total":922.4058841,"children":{"InitializeActuators":{"count":7689,"self":0.0716815,"total":0.0716815,"children":null},"InitializeSensors":{"count":7689,"self":0.1698478,"total":0.1698478,"children":null},"AgentSendState":{"count":31705,"self":98.970272,"total":143.8541693,"children":{"CollectObservations":{"count":1209348,"self":0.5025972,"total":0.5025972,"children":null},"WriteActionMask":{"count":1209348,"self":3.0402221999999997,"total":3.0402221999999997,"children":null},"RequestDecision":{"count":1209348,"self":5.830724,"total":41.341080999999996,"children":{"AgentInfo.ToProto":{"count":1209348,"self":3.3194938,"total":35.5103571,"children":{"GenerateSensorData":{"count":1209348,"self":20.8215184,"total":32.1908633,"children":{"RayPerceptionSensor.Perceive":{"count":2418696,"self":11.369344,"total":11.369344199999999,"children":null}}}}}}}}},"DecideAction":{"count":31705,"self":496.0879104,"total":496.08790109999995,"children":null},"AgentAct":{"count":31705,"self":16.1911024,"total":16.1911025,"children":null},"AgentInfo.ToProto":{"count":7883,"self":0.082217699999999991,"total":0.4177284,"children":{"GenerateSensorData":{"count":7883,"self":0.22025689999999998,"total":0.3355107,"children":{"RayPerceptionSensor.Perceive":{"count":15766,"self":0.11525379999999999,"total":0.11525379999999999,"children":null}}}}}},"gauges":{"My Behavior.CumulativeReward":{"count":396,"max":29.3699951,"min":-4.09,"runningAverage":5.27820635,"value":13.7499895,"weightedAverage":9.274075}},"metadata":{"timer_format_version":"0.1.0","start_time_seconds":"1714923031","unity_version":"2021.3.28f1","command_line_arguments":"C:\/Program Files\/Unity 2021.3.28f1\/Editor\/Unity.exe -projectpath D:\\RPG_AI_STRATEGY -useHub -hubIPC -cloudEnvironment production -licensingIpc LicenseClient-bob10 -hubSessionId ebe3cc0e-9aeb-46fe-8830-01ff2a61c0a9 -accessToken dJLfWtCyXE1Vf-raYNfeXwkGOJ3JJG4X0MWNE4TShPQ01ef","communication_protocol_version":"1.5.0","com.unity.ml-agents_version":"2.0.1","scene_name":"SampleScene","end_time_seconds":"1714923954"}}