{"count":1,"self":1307.8957056,"total":16343.9834686,"children":{"InitializeActuators":{"count":80431,"self":0.68799709999999992,"total":0.68799709999999992,"children":null},"InitializeSensors":{"count":80431,"self":2.2456404,"total":2.2456405,"children":null},"AgentSendState":{"count":192955,"self":2439.1782399999997,"total":3090.0680426999998,"children":{"CollectObservations":{"count":9420807,"self":4.5418731999999995,"total":4.5418733,"children":null},"WriteActionMask":{"count":9420807,"self":18.230871999999998,"total":18.2308715,"children":null},"RequestDecision":{"count":9420807,"self":48.2878208,"total":628.1169813,"children":{"AgentInfo.ToProto":{"count":9420807,"self":30.9368928,"total":579.8291616,"children":{"GenerateSensorData":{"count":9420807,"self":343.15333119999997,"total":548.8922696,"children":{"RayPerceptionSensor.Perceive":{"count":28262421,"self":205.738944,"total":205.7389471,"children":null}}}}}}}}},"DecideAction":{"count":192955,"self":11857.5497216,"total":11857.5497939,"children":null},"AgentAct":{"count":192955,"self":79.0140352,"total":79.0140354,"children":null},"AgentInfo.ToProto":{"count":80591,"self":0.7159745,"total":6.5202393,"children":{"GenerateSensorData":{"count":80591,"self":3.7191368,"total":5.8042647999999994,"children":{"RayPerceptionSensor.Perceive":{"count":241773,"self":2.085128,"total":2.0851281,"children":null}}}}}},"gauges":{"Warrior.CumulativeReward":{"count":69,"max":7.37999964,"min":-0.0899999961,"runningAverage":4.127029,"value":5.63499975,"weightedAverage":4.75760174},"Mage.CumulativeReward":{"count":211,"max":9.073332,"min":-1.87666631,"runningAverage":3.09708524,"value":3.71,"weightedAverage":4.09829044},"Berserker.CumulativeReward":{"count":132,"max":8.620001,"min":-2.05000067,"runningAverage":3.79659152,"value":4.630004,"weightedAverage":5.56037235}},"metadata":{"timer_format_version":"0.1.0","start_time_seconds":"1716175092","unity_version":"2021.3.28f1","command_line_arguments":"C:\/Program Files\/Unity 2021.3.28f1\/Editor\/Unity.exe -projectpath D:\\RPG_AI_STRATEGY -useHub -hubIPC -cloudEnvironment production -licensingIpc LicenseClient-3gKzNlWCNecB49A3znv-v -hubSessionId bf22ca06-e53a-494a-bd02-31967a0ba903 -accessToken brTfsRE2JNLMbeu5YQwfyqDM1infzb_MBHwBVaDejzk01ef","communication_protocol_version":"1.5.0","com.unity.ml-agents_version":"2.0.1","scene_name":"SampleScene","end_time_seconds":"1716191436"}}