{"count":1,"self":743.2636928,"total":2992.8188597999997,"children":{"InitializeActuators":{"count":50,"self":0.0020087,"total":0.0020087,"children":null},"InitializeSensors":{"count":50,"self":0.0040447999999999994,"total":0.0040447999999999994,"children":null},"AgentSendState":{"count":367363,"self":235.5793664,"total":331.0198898,"children":{"CollectObservations":{"count":3673700,"self":1.4243063999999999,"total":1.4243063999999999,"children":null},"WriteActionMask":{"count":3673700,"self":1.837286,"total":1.8372859,"children":null},"RequestDecision":{"count":3673700,"self":16.9027776,"total":92.178929099999991,"children":{"AgentInfo.ToProto":{"count":3673700,"self":8.2052008,"total":75.2761517,"children":{"GenerateSensorData":{"count":3673700,"self":45.957398399999995,"total":67.0709512,"children":{"RayPerceptionSensor.Perceive":{"count":7347400,"self":21.1135536,"total":21.1135542,"children":null}}}}}}}}},"DecideAction":{"count":367363,"self":1877.7960448,"total":1877.7959672,"children":null},"AgentAct":{"count":367363,"self":40.197238399999996,"total":40.197238399999996,"children":null},"AgentInfo.ToProto":{"count":23850,"self":0.0628405,"total":0.5350192,"children":{"GenerateSensorData":{"count":23850,"self":0.32709669999999996,"total":0.47217869999999995,"children":{"RayPerceptionSensor.Perceive":{"count":47700,"self":0.145082,"total":0.145082,"children":null}}}}}},"gauges":{"My Behavior.CumulativeReward":{"count":23850,"max":31.1000175,"min":-0.3,"runningAverage":9.475106,"value":0,"weightedAverage":1.12265971E-05}},"metadata":{"timer_format_version":"0.1.0","start_time_seconds":"1712479785","unity_version":"2021.3.28f1","command_line_arguments":"C:\/Program Files\/Unity 2021.3.28f1\/Editor\/Unity.exe -projectpath D:\\RPG_AI_STRATEGY -useHub -hubIPC -cloudEnvironment production -licensingIpc LicenseClient-bob10 -hubSessionId 6339c421-e504-45b7-a437-69ef8a67282e -accessToken ruVflpMKZdlKggKS5TFpG3bb2cuazRLs6yGZg5gQCtM01ef","communication_protocol_version":"1.5.0","com.unity.ml-agents_version":"2.0.1","scene_name":"SampleScene","end_time_seconds":"1712482778"}}