{"count":1,"self":32.440576,"total":251.32984779999998,"children":{"InitializeActuators":{"count":4188,"self":0.0347305,"total":0.0347305,"children":null},"InitializeSensors":{"count":4188,"self":0.1513198,"total":0.1513198,"children":null},"AgentInfo.ToProto":{"count":3891,"self":0.019082599999999998,"total":0.33483959999999996,"children":{"GenerateSensorData":{"count":3891,"self":0.1839428,"total":0.315757,"children":{"RayPerceptionSensor.Perceive":{"count":11673,"self":0.1318142,"total":0.1318142,"children":null}}}}},"AgentSendState":{"count":4301,"self":61.3434816,"total":77.8290913,"children":{"CollectObservations":{"count":253870,"self":0.1167878,"total":0.1167878,"children":null},"WriteActionMask":{"count":253870,"self":0.453181,"total":0.453181,"children":null},"RequestDecision":{"count":253870,"self":1.2748754,"total":15.915638699999999,"children":{"AgentInfo.ToProto":{"count":253870,"self":0.7097211,"total":14.6407633,"children":{"GenerateSensorData":{"count":253870,"self":8.4854232,"total":13.931042199999998,"children":{"RayPerceptionSensor.Perceive":{"count":761610,"self":5.4456191999999994,"total":5.4456191,"children":null}}}}}}}}},"DecideAction":{"count":4301,"self":138.4273408,"total":138.42734059999998,"children":null},"AgentAct":{"count":4301,"self":2.1109504,"total":2.1109503,"children":null}},"gauges":{},"metadata":{"timer_format_version":"0.1.0","start_time_seconds":"1716704568","unity_version":"2021.3.28f1","command_line_arguments":"C:\\Program Files\\Unity 2021.3.28f1\\Editor\\Unity.exe","communication_protocol_version":"1.5.0","com.unity.ml-agents_version":"2.0.1","scene_name":"SampleScene","end_time_seconds":"1716704819"}}