{"count":1,"self":26.7434288,"total":26.8018143,"children":{"InitializeActuators":{"count":2,"self":0.0015262,"total":0.0015262,"children":null},"InitializeSensors":{"count":2,"self":0.0020169999999999997,"total":0.0020169999999999997,"children":null},"AgentSendState":{"count":1095,"self":0.0251343,"total":0.0326665,"children":{"CollectObservations":{"count":438,"self":0.0005057,"total":0.0005057,"children":null},"WriteActionMask":{"count":438,"self":0.0020085999999999997,"total":0.0020085999999999997,"children":null},"RequestDecision":{"count":438,"self":0.0025004,"total":0.0050179,"children":{"RayPerceptionSensor.Perceive":{"count":876,"self":0.0025174999999999998,"total":0.0025174999999999998,"children":null}}}}},"DecideAction":{"count":1095,"self":0.0080555,"total":0.0080555,"children":null},"AgentAct":{"count":1095,"self":0.013118699999999999,"total":0.013118699999999999,"children":null}},"gauges":{},"metadata":{"timer_format_version":"0.1.0","start_time_seconds":"1712216334","unity_version":"2021.3.28f1","command_line_arguments":"C:\/Program Files\/Unity 2021.3.28f1\/Editor\/Unity.exe -projectpath D:\\RPG_AI_STRATEGY -useHub -hubIPC -cloudEnvironment production -licensingIpc LicenseClient-bob10 -hubSessionId c075ca79-30dd-4d67-a2f0-469ddf1ef015 -accessToken SedP6v2fK7zVR17Pho6t5Jl7JqgW4gMYay5r82eR13E01ef","communication_protocol_version":"1.5.0","com.unity.ml-agents_version":"2.0.1","scene_name":"SampleScene","end_time_seconds":"1712216361"}}