{"count":1,"self":38.541491199999996,"total":43.2070386,"children":{"InitializeActuators":{"count":215,"self":0.0037976999999999998,"total":0.0037976999999999998,"children":null},"InitializeSensors":{"count":215,"self":0.0026070999999999998,"total":0.0026070999999999998,"children":null},"AgentSendState":{"count":1926,"self":2.4228867999999997,"total":2.5040820999999998,"children":{"CollectObservations":{"count":36852,"self":0.0085252,"total":0.0085252,"children":null},"WriteActionMask":{"count":36852,"self":0.016010899999999998,"total":0.016010899999999998,"children":null},"RequestDecision":{"count":36852,"self":0.0566591,"total":0.0566591,"children":null}}},"DecideAction":{"count":1926,"self":1.2944931,"total":1.6168352,"children":{"RayPerceptionSensor.Perceive":{"count":73704,"self":0.32234209999999996,"total":0.32234209999999996,"children":null}}},"AgentAct":{"count":1926,"self":0.537258,"total":0.537258,"children":null}},"gauges":{"My Behavior.CumulativeReward":{"count":185,"max":37.6999969,"min":0,"runningAverage":8.817838,"value":18.8999958,"weightedAverage":21.5278931}},"metadata":{"timer_format_version":"0.1.0","start_time_seconds":"1712591445","unity_version":"2021.3.28f1","command_line_arguments":"C:\/Program Files\/Unity 2021.3.28f1\/Editor\/Unity.exe -projectpath D:\\RPG_AI_STRATEGY -useHub -hubIPC -cloudEnvironment production -licensingIpc LicenseClient-bob10 -hubSessionId 756befa9-897a-44c4-8631-ce80cf791883 -accessToken xWnpyQkVC6zTqs-Jx9djN7OyigTbGD2lREqzfeR43rw01ef","communication_protocol_version":"1.5.0","com.unity.ml-agents_version":"2.0.1","scene_name":"SampleScene","end_time_seconds":"1712591488"}}