{"count":1,"self":84.477081599999991,"total":109.973975,"children":{"InitializeActuators":{"count":704,"self":0.0107095,"total":0.0107095,"children":null},"InitializeSensors":{"count":704,"self":0.012023299999999999,"total":0.012023299999999999,"children":null},"AgentSendState":{"count":5252,"self":15.0296928,"total":15.476268899999999,"children":{"CollectObservations":{"count":180663,"self":0.049691599999999995,"total":0.049691599999999995,"children":null},"WriteActionMask":{"count":180663,"self":0.0863299,"total":0.0863299,"children":null},"RequestDecision":{"count":180663,"self":0.31055479999999996,"total":0.31055479999999996,"children":null}}},"DecideAction":{"count":5252,"self":5.7324624,"total":7.3182865999999995,"children":{"RayPerceptionSensor.Perceive":{"count":361326,"self":1.585824,"total":1.585824,"children":null}}},"AgentAct":{"count":5252,"self":2.6796075999999998,"total":2.6796077,"children":null}},"gauges":{"My Behavior.CumulativeReward":{"count":504,"max":9.720001,"min":0.030000018,"runningAverage":3.89980221,"value":4.71999931,"weightedAverage":4.14694452}},"metadata":{"timer_format_version":"0.1.0","start_time_seconds":"1712846301","unity_version":"2021.3.28f1","command_line_arguments":"C:\/Program Files\/Unity 2021.3.28f1\/Editor\/Unity.exe -projectpath D:\\RPG_AI_STRATEGY -useHub -hubIPC -cloudEnvironment production -licensingIpc LicenseClient-rWZAHoKPZiwFTeDnhfBIZ -hubSessionId a5dc91a6-561d-405f-aebd-331a232c642a -accessToken _TKpD11PGZLTS4LF1-eE6JlYRWogER-CVRLcfij6RpA01ef","communication_protocol_version":"1.5.0","com.unity.ml-agents_version":"2.0.1","scene_name":"SampleScene","end_time_seconds":"1712846410"}}