{"count":1,"self":1675.8802432,"total":48991.574644399996,"children":{"InitializeActuators":{"count":35410,"self":0.2518064,"total":0.2518064,"children":null},"InitializeSensors":{"count":35410,"self":0.8553527,"total":0.8553527,"children":null},"AgentInfo.ToProto":{"count":35283,"self":0.24963549999999998,"total":2.9695457999999997,"children":{"GenerateSensorData":{"count":35283,"self":1.6141679999999998,"total":2.7199103,"children":{"RayPerceptionSensor.Perceive":{"count":105849,"self":1.1057423,"total":1.1057423,"children":null}}}}},"AgentSendState":{"count":503034,"self":3134.038016,"total":4208.8037913,"children":{"CollectObservations":{"count":14653003,"self":5.0982984,"total":5.0982983,"children":null},"WriteActionMask":{"count":14653003,"self":20.8812848,"total":20.8812849,"children":null},"RequestDecision":{"count":14653003,"self":70.497024,"total":1048.786187,"children":{"AgentInfo.ToProto":{"count":14653003,"self":39.3161312,"total":978.2891644,"children":{"GenerateSensorData":{"count":14653003,"self":526.3702016,"total":938.97303319999992,"children":{"RayPerceptionSensor.Perceive":{"count":43959009,"self":412.6028288,"total":412.60283569999996,"children":null}}}}}}}}},"DecideAction":{"count":503034,"self":42979.9636992,"total":42979.9627841,"children":null},"AgentAct":{"count":503034,"self":122.851136,"total":122.85113009999999,"children":null}},"gauges":{},"metadata":{"timer_format_version":"0.1.0","start_time_seconds":"1725924636","unity_version":"2021.3.28f1","command_line_arguments":"C:\/Program Files\/Unity 2021.3.28f1\/Editor\/Unity.exe -projectpath D:\\RPG_AI_STRATEGY -useHub -hubIPC -cloudEnvironment production -licensingIpc LicenseClient-uG-Z0X3lTPUeJ-TmKutnS -hubSessionId 52dd006b-ed43-473a-addc-43a13dac8265 -accessToken Emr7GOOvhCiG8fu8hbgiusyGvwqb-wdPtnEKmYZ9QSs01ef","communication_protocol_version":"1.5.0","com.unity.ml-agents_version":"2.0.1","scene_name":"Sparse","end_time_seconds":"1725973628"}}