{"count":1,"self":9.7131968,"total":15.5397755,"children":{"InitializeActuators":{"count":200,"self":0.0045207,"total":0.0045207,"children":null},"InitializeSensors":{"count":200,"self":0.0110067,"total":0.0110067,"children":null},"AgentSendState":{"count":339,"self":3.2889117999999997,"total":3.3871341999999998,"children":{"CollectObservations":{"count":13600,"self":0.0214209,"total":0.0214209,"children":null},"WriteActionMask":{"count":13600,"self":0.014963599999999999,"total":0.014963599999999999,"children":null},"RequestDecision":{"count":13600,"self":0.061837899999999994,"total":0.061837899999999994,"children":null}}},"DecideAction":{"count":339,"self":1.5313086999999999,"total":2.2381496999999997,"children":{"RayPerceptionSensor.Perceive":{"count":40800,"self":0.70684099999999994,"total":0.70684099999999994,"children":null}}},"AgentAct":{"count":339,"self":0.1847521,"total":0.1847521,"children":null}},"gauges":{},"metadata":{"timer_format_version":"0.1.0","start_time_seconds":"1727010866","unity_version":"2021.3.28f1","command_line_arguments":"C:\/Program Files\/Unity 2021.3.28f1\/Editor\/Unity.exe -projectpath D:\\RPG_AI_STRATEGY -useHub -hubIPC -cloudEnvironment production -licensingIpc LicenseClient-rxSmUAT_RkbN146ObPfaU -hubSessionId fbd3ecb1-d717-45f9-b311-6fa968485d92 -accessToken Ffpc442TEbzw4NL7DY_y3Jrh8axkpHoe3WakogxAKzM01ef","communication_protocol_version":"1.5.0","com.unity.ml-agents_version":"2.0.1","scene_name":"Sparse","end_time_seconds":"1727010882"}}