{"count":1,"self":1079.83104,"total":10233.8348364,"children":{"InitializeActuators":{"count":28980,"self":0.3503013,"total":0.3503013,"children":null},"InitializeSensors":{"count":28980,"self":0.7415693,"total":0.7415693,"children":null},"AgentInfo.ToProto":{"count":28890,"self":0.1360129,"total":1.3599394,"children":{"GenerateSensorData":{"count":28890,"self":0.8062589,"total":1.2239265,"children":{"RayPerceptionSensor.Perceive":{"count":86670,"self":0.41766759999999997,"total":0.41766759999999997,"children":null}}}}},"AgentSendState":{"count":383634,"self":572.508928,"total":934.75510639999993,"children":{"CollectObservations":{"count":7054093,"self":12.7107856,"total":12.7107852,"children":null},"WriteActionMask":{"count":7054093,"self":8.1309808,"total":8.1309807,"children":null},"RequestDecision":{"count":7054093,"self":39.2061856,"total":341.4044022,"children":{"AgentInfo.ToProto":{"count":7054093,"self":22.4695264,"total":302.1982167,"children":{"GenerateSensorData":{"count":7054093,"self":183.28584959999998,"total":279.7286901,"children":{"RayPerceptionSensor.Perceive":{"count":21162279,"self":96.44283519999999,"total":96.4428367,"children":null}}}}}}}}},"DecideAction":{"count":383634,"self":8141.9403263999993,"total":8141.9403796999995,"children":null},"AgentAct":{"count":383634,"self":74.8545152,"total":74.854516199999992,"children":null}},"gauges":{"Berserker.CumulativeReward":{"count":5656,"max":2.23979831,"min":-1.54107738,"runningAverage":0.5478809,"value":1.19017661,"weightedAverage":0.7362329},"Archer.CumulativeReward":{"count":5695,"max":7.819455,"min":0.235985026,"runningAverage":1.61386788,"value":0.6865739,"weightedAverage":2.22705674},"Warrior.CumulativeReward":{"count":5662,"max":1.7585274,"min":-0.507440269,"runningAverage":0.492768019,"value":0.442273557,"weightedAverage":0.5061365},"Mage.CumulativeReward":{"count":5648,"max":2.39728546,"min":-0.0622555,"runningAverage":0.7615463,"value":0.5090848,"weightedAverage":0.5436579},"Tank.CumulativeReward":{"count":5729,"max":2.402768,"min":-1.0730654,"runningAverage":0.686137855,"value":0.266983569,"weightedAverage":0.5608753}},"metadata":{"timer_format_version":"0.1.0","start_time_seconds":"1728816692","unity_version":"2021.3.28f1","command_line_arguments":"C:\/Program Files\/Unity 2021.3.28f1\/Editor\/Unity.exe -projectpath D:\\RPG_AI_STRATEGY -useHub -hubIPC -cloudEnvironment production -licensingIpc LicenseClient-auBUFjxcF9vQb6Au9Rw2O -hubSessionId 0bfa2edd-42c2-4cb5-a85a-a269e4a5c192 -accessToken _4DUdRFoLGEImwVnu70N_93ZEMfmW0m0rmdEPzpf8rc01ef","communication_protocol_version":"1.5.0","com.unity.ml-agents_version":"2.0.1","scene_name":"Sparse","end_time_seconds":"1728826926"}}