{"count":1,"self":72.239507199999991,"total":78.6272267,"children":{"InitializeActuators":{"count":6,"self":0.0010000999999999999,"total":0.0010000999999999999,"children":null},"InitializeSensors":{"count":6,"self":0.0025174999999999998,"total":0.0025174999999999998,"children":null},"AgentSendState":{"count":3682,"self":0.869339,"total":0.9246481,"children":{"CollectObservations":{"count":4422,"self":0.012548,"total":0.012548,"children":null},"WriteActionMask":{"count":4422,"self":0.008461999999999999,"total":0.008461999999999999,"children":null},"RequestDecision":{"count":4422,"self":0.0342991,"total":0.0342991,"children":null}}},"DecideAction":{"count":3682,"self":5.1674108,"total":5.3748648999999995,"children":{"RayPerceptionSensor.Perceive":{"count":13266,"self":0.2074541,"total":0.2074541,"children":null}}},"AgentAct":{"count":3682,"self":0.0846874,"total":0.0846874,"children":null}},"gauges":{"Mage.CumulativeReward":{"count":8,"max":2.83929,"min":-1.31018448,"runningAverage":0.366265237,"value":2.83929,"weightedAverage":0.8380549},"Warrior.CumulativeReward":{"count":8,"max":2.70973849,"min":-0.6302836,"runningAverage":0.910322666,"value":0.264877468,"weightedAverage":0.64852947},"Tank.CumulativeReward":{"count":8,"max":3.149685,"min":-0.265946776,"runningAverage":1.3805418,"value":2.33741546,"weightedAverage":1.32711065}},"metadata":{"timer_format_version":"0.1.0","start_time_seconds":"1727008561","unity_version":"2021.3.28f1","command_line_arguments":"C:\/Program Files\/Unity 2021.3.28f1\/Editor\/Unity.exe -projectpath D:\\RPG_AI_STRATEGY -useHub -hubIPC -cloudEnvironment production -licensingIpc LicenseClient-rxSmUAT_RkbN146ObPfaU -hubSessionId fbd3ecb1-d717-45f9-b311-6fa968485d92 -accessToken KmiEyCaAqWS8Zk9HmyHGP_xz_NWTmfHnCnY6p7Ubo9Q01ef","communication_protocol_version":"1.5.0","com.unity.ml-agents_version":"2.0.1","scene_name":"Sparse","end_time_seconds":"1727008640"}}