{"count":1,"self":104.3431296,"total":122.5519621,"children":{"InitializeActuators":{"count":118,"self":0.0015318999999999999,"total":0.0015318999999999999,"children":null},"InitializeSensors":{"count":118,"self":0.0075026999999999993,"total":0.0075026999999999993,"children":null},"AgentSendState":{"count":5878,"self":2.3439563999999997,"total":2.4357017,"children":{"CollectObservations":{"count":12043,"self":0.0253206,"total":0.0253206,"children":null},"WriteActionMask":{"count":12043,"self":0.0123705,"total":0.0123705,"children":null},"RequestDecision":{"count":12043,"self":0.0540541,"total":0.0540541,"children":null}}},"DecideAction":{"count":5878,"self":14.4782304,"total":15.5345389,"children":{"RayPerceptionSensor.Perceive":{"count":36129,"self":1.0563083,"total":1.0563083,"children":null}}},"AgentAct":{"count":5878,"self":0.22855899999999998,"total":0.22855899999999998,"children":null}},"gauges":{"Tank.CumulativeReward":{"count":15,"max":1.66605008,"min":0.283180177,"runningAverage":0.8549116,"value":1.42610049,"weightedAverage":1.17080152},"Warrior.CumulativeReward":{"count":15,"max":1.0046947,"min":-0.0351963043,"runningAverage":0.6007485,"value":1.00138962,"weightedAverage":0.6669192},"Archer.CumulativeReward":{"count":13,"max":2.03055358,"min":0.728019655,"runningAverage":1.2836628,"value":1.511115,"weightedAverage":1.290604},"Mage.CumulativeReward":{"count":6,"max":0.901360869,"min":0.277941644,"runningAverage":0.6561489,"value":0.663999,"weightedAverage":0.673730433},"Berserker.CumulativeReward":{"count":7,"max":1.04745317,"min":0.5087466,"runningAverage":0.729691148,"value":0.733526051,"weightedAverage":0.6974992}},"metadata":{"timer_format_version":"0.1.0","start_time_seconds":"1729098005","unity_version":"2021.3.28f1","command_line_arguments":"C:\/Program Files\/Unity 2021.3.28f1\/Editor\/Unity.exe -projectpath D:\\RPG_AI_STRATEGY -useHub -hubIPC -cloudEnvironment production -licensingIpc LicenseClient-bob10 -hubSessionId d2fba2ca-6f20-4134-ba81-d4b86672a6fc -accessToken 5IiWxiwhvWEePXMz3gk3BFU8vG-BC1QYZG0nDO6A01Q01ef","communication_protocol_version":"1.5.0","com.unity.ml-agents_version":"2.0.1","scene_name":"Sparse","end_time_seconds":"1729098128"}}