{"count":1,"self":10033.673011199999,"total":54652.4240305,"children":{"InitializeActuators":{"count":127888,"self":1.4189650999999999,"total":1.4189650999999999,"children":null},"InitializeSensors":{"count":127888,"self":3.5156899999999998,"total":3.5156899,"children":null},"AgentInfo.ToProto":{"count":127804,"self":0.5760069,"total":9.7782187,"children":{"GenerateSensorData":{"count":127804,"self":5.3790368,"total":9.2022117999999988,"children":{"RayPerceptionSensor.Perceive":{"count":383412,"self":3.8231751999999997,"total":3.8231751,"children":null}}}}},"AgentSendState":{"count":1675764,"self":5481.6530432,"total":7923.489369,"children":{"CollectObservations":{"count":30821790,"self":55.089740799999994,"total":55.0897435,"children":null},"WriteActionMask":{"count":30821790,"self":35.687660799999996,"total":35.6876594,"children":null},"RequestDecision":{"count":30821790,"self":168.34018559999998,"total":2351.0589907,"children":{"AgentInfo.ToProto":{"count":30821790,"self":93.2607232,"total":2182.7188014999997,"children":{"GenerateSensorData":{"count":30821790,"self":1209.0398719999998,"total":2089.4580791,"children":{"RayPerceptionSensor.Perceive":{"count":92465370,"self":880.4182016,"total":880.41817759999992,"children":null}}}}}}}}},"DecideAction":{"count":1675764,"self":36344.3683328,"total":36344.3691301,"children":null},"AgentAct":{"count":1675764,"self":336.179584,"total":336.17958039999996,"children":null}},"gauges":{"Mage.CumulativeReward":{"count":25570,"max":5.383874,"min":-1.24006617,"runningAverage":0.7480516,"value":1.86193967,"weightedAverage":1.027104},"Archer.CumulativeReward":{"count":25130,"max":8.023785,"min":0.148381472,"runningAverage":1.41808581,"value":1.65951836,"weightedAverage":1.49627936},"Tank.CumulativeReward":{"count":25676,"max":2.82251787,"min":-1.40789378,"runningAverage":0.645461738,"value":0.6605555,"weightedAverage":0.8450735},"Berserker.CumulativeReward":{"count":25646,"max":4.20052433,"min":-3.05955672,"runningAverage":0.7984647,"value":0.259987354,"weightedAverage":0.653445},"Warrior.CumulativeReward":{"count":25282,"max":3.46615362,"min":-5.231279,"runningAverage":0.5495109,"value":0.746962845,"weightedAverage":0.6726376}},"metadata":{"timer_format_version":"0.1.0","start_time_seconds":"1727651512","unity_version":"2021.3.28f1","command_line_arguments":"C:\/Program Files\/Unity 2021.3.28f1\/Editor\/Unity.exe -projectpath D:\\RPG_AI_STRATEGY -useHub -hubIPC -cloudEnvironment production -licensingIpc LicenseClient-GdkYKnJfLzXaWqghf16Hd -hubSessionId 78849314-c39e-4213-ad1f-a6f1196a4ce6 -accessToken L8G7FaIt7WCeWeYnJFCEAKDSjtuWDzETgBrQn1E4bDw01ef","communication_protocol_version":"1.5.0","com.unity.ml-agents_version":"2.0.1","scene_name":"Sparse","end_time_seconds":"1727706165"}}