{"count":1,"self":3197.0244608,"total":51197.5342771,"children":{"InitializeActuators":{"count":12100,"self":0.1297804,"total":0.1297804,"children":null},"InitializeSensors":{"count":12100,"self":0.3181561,"total":0.3181561,"children":null},"AgentInfo.ToProto":{"count":12000,"self":0.0322396,"total":0.97862949999999993,"children":{"GenerateSensorData":{"count":12000,"self":0.547126,"total":0.9463899,"children":{"RayPerceptionSensor.Perceive":{"count":36000,"self":0.3992639,"total":0.3992639,"children":null}}}}},"AgentSendState":{"count":575116,"self":1910.5417215999998,"total":2869.6513053999997,"children":{"CollectObservations":{"count":11512930,"self":21.3596544,"total":21.3596549,"children":null},"WriteActionMask":{"count":11512930,"self":11.231067999999999,"total":11.231068299999999,"children":null},"RequestDecision":{"count":11512930,"self":61.4973824,"total":926.5188802,"children":{"AgentInfo.ToProto":{"count":11512930,"self":32.4355328,"total":865.02149479999991,"children":{"GenerateSensorData":{"count":11512930,"self":489.06900479999996,"total":832.5859634,"children":{"RayPerceptionSensor.Perceive":{"count":34538790,"self":343.51695359999997,"total":343.5169411,"children":null}}}}}}}}},"DecideAction":{"count":575116,"self":45021.0463744,"total":45021.0471035,"children":null},"AgentAct":{"count":575116,"self":108.3848448,"total":108.3848424,"children":null}},"gauges":{"Tank.CumulativeReward":{"count":2302,"max":4.07399845,"min":-2.27419972,"runningAverage":0.3259305,"value":0.346,"weightedAverage":0.581295848},"Berserker.CumulativeReward":{"count":2220,"max":3.28360033,"min":-1.96239865,"runningAverage":0.72155726,"value":0.7312001,"weightedAverage":0.6990979},"Archer.CumulativeReward":{"count":2516,"max":4.965844,"min":-0.136991143,"runningAverage":1.54030907,"value":3.39598346,"weightedAverage":1.87245989},"Mage.CumulativeReward":{"count":2238,"max":4.24747,"min":-0.6395996,"runningAverage":1.19088483,"value":0.92209065,"weightedAverage":0.975494146},"Warrior.CumulativeReward":{"count":2224,"max":2.84200048,"min":-2.96659827,"runningAverage":0.5137619,"value":0.479600042,"weightedAverage":0.6273925}},"metadata":{"timer_format_version":"0.1.0","start_time_seconds":"1727130728","unity_version":"2021.3.28f1","command_line_arguments":"C:\/Program Files\/Unity 2021.3.28f1\/Editor\/Unity.exe -projectpath D:\\RPG_AI_STRATEGY -useHub -hubIPC -cloudEnvironment production -licensingIpc LicenseClient--7ilc4UMu0N2BjijjypMY -hubSessionId d0c0ca4c-2681-4cee-ad60-b61b98b53a14 -accessToken ZJKWx2LOigOmgLqFn8OTm0gTebVMyUARm-bir90Be4c01ef","communication_protocol_version":"1.5.0","com.unity.ml-agents_version":"2.0.1","scene_name":"Sparse","end_time_seconds":"1727181925"}}