{"count":1,"self":107.9820544,"total":123.3273062,"children":{"InitializeActuators":{"count":110,"self":0.0049992,"total":0.0049992,"children":null},"InitializeSensors":{"count":110,"self":0.0060183,"total":0.0060183,"children":null},"AgentSendState":{"count":5912,"self":1.9577023999999998,"total":2.0364649,"children":{"CollectObservations":{"count":10643,"self":0.0175528,"total":0.0175528,"children":null},"WriteActionMask":{"count":10643,"self":0.0215517,"total":0.0215517,"children":null},"RequestDecision":{"count":10643,"self":0.039658099999999995,"total":0.039658099999999995,"children":null}}},"DecideAction":{"count":5912,"self":12.317265599999999,"total":13.1126363,"children":{"RayPerceptionSensor.Perceive":{"count":31929,"self":0.7953707,"total":0.7953707,"children":null}}},"AgentAct":{"count":5912,"self":0.1841426,"total":0.1841426,"children":null}},"gauges":{"Archer.CumulativeReward":{"count":9,"max":2.40565968,"min":0.6679013,"runningAverage":1.39171875,"value":1.4384588,"weightedAverage":1.48145163},"Tank.CumulativeReward":{"count":14,"max":1.42265058,"min":0.163594276,"runningAverage":0.928112,"value":1.11536574,"weightedAverage":1.01793969},"Mage.CumulativeReward":{"count":17,"max":1.5499748,"min":0.405221075,"runningAverage":0.81181705,"value":0.7042723,"weightedAverage":0.7853149},"Warrior.CumulativeReward":{"count":5,"max":0.7955722,"min":0.227984041,"runningAverage":0.4278872,"value":0.263963044,"weightedAverage":0.4671843},"Berserker.CumulativeReward":{"count":9,"max":1.11012352,"min":0.167988256,"runningAverage":0.7316788,"value":0.9080812,"weightedAverage":0.762092531}},"metadata":{"timer_format_version":"0.1.0","start_time_seconds":"1728549521","unity_version":"2021.3.28f1","command_line_arguments":"C:\/Program Files\/Unity 2021.3.28f1\/Editor\/Unity.exe -projectpath D:\\RPG_AI_STRATEGY -useHub -hubIPC -cloudEnvironment production -licensingIpc LicenseClient-bob10 -hubSessionId 17825e6c-fc42-48d6-957f-d05c5f1bea07 -accessToken n-y8nDLG5ZwKJWZ_9RXObcq8k5KY5y-vTscSBZreLZ001ef","communication_protocol_version":"1.5.0","com.unity.ml-agents_version":"2.0.1","scene_name":"Sparse","end_time_seconds":"1728549645"}}