{"count":1,"self":10477.0019328,"total":48790.6555396,"children":{"InitializeActuators":{"count":101776,"self":1.2524784,"total":1.2524784,"children":null},"InitializeSensors":{"count":101776,"self":2.7208419999999998,"total":2.7208419999999998,"children":null},"AgentInfo.ToProto":{"count":101700,"self":0.4340267,"total":8.5736248,"children":{"GenerateSensorData":{"count":101700,"self":4.8114088,"total":8.1395980999999988,"children":{"RayPerceptionSensor.Perceive":{"count":305100,"self":3.3281891999999997,"total":3.3281893,"children":null}}}}},"AgentSendState":{"count":1480094,"self":4836.5154304,"total":6861.630956,"children":{"CollectObservations":{"count":24093766,"self":12.574732,"total":12.5747319,"children":null},"WriteActionMask":{"count":24093766,"self":35.2759648,"total":35.2759643,"children":null},"RequestDecision":{"count":24093766,"self":123.2575488,"total":1977.2649215,"children":{"AgentInfo.ToProto":{"count":24093766,"self":76.3401088,"total":1854.0073720999999,"children":{"GenerateSensorData":{"count":24093766,"self":1026.5921535999998,"total":1777.6672654,"children":{"RayPerceptionSensor.Perceive":{"count":72281298,"self":751.0751232,"total":751.0751161,"children":null}}}}}}}}},"DecideAction":{"count":1480094,"self":31092.7785984,"total":31092.7769915,"children":null},"AgentAct":{"count":1480094,"self":346.697472,"total":346.69748169999997,"children":null}},"gauges":{"Archer.CumulativeReward":{"count":20336,"max":4.447835,"min":-0.00019998569,"runningAverage":1.35199666,"value":2.16408157,"weightedAverage":1.55570149},"Mage.CumulativeReward":{"count":19912,"max":5.32500839,"min":-0.9859996,"runningAverage":1.36217582,"value":1.01896346,"weightedAverage":1.22258341},"Tank.CumulativeReward":{"count":20412,"max":3.5958674,"min":-2.850698,"runningAverage":0.929163933,"value":0.1969,"weightedAverage":0.7442636},"Warrior.CumulativeReward":{"count":20288,"max":3.38840055,"min":-2.85399914,"runningAverage":0.7861041,"value":0.530000031,"weightedAverage":0.729351},"Berserker.CumulativeReward":{"count":20252,"max":4.031598,"min":-1.75879872,"runningAverage":0.8760183,"value":0.9172001,"weightedAverage":0.7257002}},"metadata":{"timer_format_version":"0.1.0","start_time_seconds":"1727405254","unity_version":"2021.3.28f1","command_line_arguments":"C:\/Program Files\/Unity 2021.3.28f1\/Editor\/Unity.exe -projectpath D:\\RPG_AI_STRATEGY -useHub -hubIPC -cloudEnvironment production -licensingIpc LicenseClient-yOZCgoS_c66tA19i5mTa0 -hubSessionId ebb788e2-9110-46ab-b6ee-720a14f9cb4e -accessToken _l9LF62-L31nr3l2344mx6qUa-KVM6IdaUlB_JFaN0o01ef","communication_protocol_version":"1.5.0","com.unity.ml-agents_version":"2.0.1","scene_name":"Sparse","end_time_seconds":"1727454045"}}