{"count":1,"self":4430.6554879999994,"total":44808.8285271,"children":{"InitializeActuators":{"count":97336,"self":1.0662216,"total":1.0662216,"children":null},"InitializeSensors":{"count":97336,"self":2.7257708,"total":2.7257708999999997,"children":null},"AgentInfo.ToProto":{"count":97240,"self":0.4143326,"total":8.4142963,"children":{"GenerateSensorData":{"count":97240,"self":4.6230408,"total":7.9999636999999995,"children":{"RayPerceptionSensor.Perceive":{"count":291720,"self":3.3769228,"total":3.3769228,"children":null}}}}},"AgentSendState":{"count":1432542,"self":4859.6160512,"total":7188.2143417,"children":{"CollectObservations":{"count":26172524,"self":48.9499584,"total":48.949959799999995,"children":null},"WriteActionMask":{"count":26172524,"self":27.706009599999998,"total":27.706008399999998,"children":null},"RequestDecision":{"count":26172524,"self":147.4994688,"total":2251.9425180999997,"children":{"AgentInfo.ToProto":{"count":26172524,"self":78.1730944,"total":2104.4430486,"children":{"GenerateSensorData":{"count":26172524,"self":1170.3238655999999,"total":2026.2699539,"children":{"RayPerceptionSensor.Perceive":{"count":78517572,"self":855.9460864,"total":855.9460799,"children":null}}}}}}}}},"DecideAction":{"count":1432542,"self":32908.4338176,"total":32908.4349618,"children":null},"AgentAct":{"count":1432542,"self":269.31630079999996,"total":269.3163038,"children":null}},"gauges":{"Berserker.CumulativeReward":{"count":19320,"max":3.3154645,"min":-1.0196898,"runningAverage":0.6614052,"value":-0.0560009554,"weightedAverage":0.384935439},"Archer.CumulativeReward":{"count":19440,"max":7.199578,"min":0.145127445,"runningAverage":1.57085884,"value":1.91415358,"weightedAverage":1.21670377},"Warrior.CumulativeReward":{"count":19359,"max":2.21432233,"min":-1.55631828,"runningAverage":0.389798284,"value":0.422772229,"weightedAverage":0.31340456},"Tank.CumulativeReward":{"count":19259,"max":2.58867478,"min":-2.03711534,"runningAverage":0.5157136,"value":0.366779029,"weightedAverage":0.3611225},"Mage.CumulativeReward":{"count":19362,"max":4.35197163,"min":-0.4709769,"runningAverage":0.8530179,"value":0.520950556,"weightedAverage":0.557482}},"metadata":{"timer_format_version":"0.1.0","start_time_seconds":"1727913504","unity_version":"2021.3.28f1","command_line_arguments":"C:\/Program Files\/Unity 2021.3.28f1\/Editor\/Unity.exe -projectpath D:\\RPG_AI_STRATEGY -useHub -hubIPC -cloudEnvironment production -licensingIpc LicenseClient-r_XsBOLspMOE7jsRL79QF -hubSessionId 449ae27e-05ac-46be-9519-5b35e95af245 -accessToken XikeEZRsoefKmiojmiv2ZfzqnIYgZ_yZPgbjbLjwjE001ef","communication_protocol_version":"1.5.0","com.unity.ml-agents_version":"2.0.1","scene_name":"Sparse","end_time_seconds":"1727958312"}}