{"count":1,"self":3133.838336,"total":23259.1840859,"children":{"InitializeActuators":{"count":200,"self":0.0019997,"total":0.0019997,"children":null},"InitializeSensors":{"count":200,"self":0.0045119999999999995,"total":0.0045119999999999995,"children":null},"AgentSendState":{"count":448314,"self":3941.101568,"total":5507.9427185999994,"children":{"CollectObservations":{"count":17932800,"self":34.7404064,"total":34.740405599999995,"children":null},"WriteActionMask":{"count":17932800,"self":18.83964,"total":18.8396401,"children":null},"RequestDecision":{"count":17932800,"self":100.02522239999999,"total":1513.26119,"children":{"AgentInfo.ToProto":{"count":17932800,"self":53.7905216,"total":1413.2359657,"children":{"GenerateSensorData":{"count":17932800,"self":825.07120639999994,"total":1359.4454437,"children":{"RayPerceptionSensor.Perceive":{"count":53798400,"self":534.3742464,"total":534.3742464,"children":null}}}}}}}}},"DecideAction":{"count":448314,"self":14416.5421056,"total":14416.542889999999,"children":null},"AgentAct":{"count":448314,"self":199.4185216,"total":199.41852609999998,"children":null},"AgentInfo.ToProto":{"count":17840,"self":0.0486584,"total":1.4340252999999998,"children":{"GenerateSensorData":{"count":17840,"self":0.8207203,"total":1.3853669,"children":{"RayPerceptionSensor.Perceive":{"count":53520,"self":0.5646466,"total":0.5646466,"children":null}}}}}},"gauges":{"Archer.CumulativeReward":{"count":3568,"max":-0.5,"min":-2.67541623,"runningAverage":-0.8754953,"value":-0.690049231,"weightedAverage":-0.7503724},"Berserker.CumulativeReward":{"count":3568,"max":7.307056,"min":-1.662709,"runningAverage":-0.553684652,"value":0.6127413,"weightedAverage":-0.0427513421},"Mage.CumulativeReward":{"count":3568,"max":12.3374529,"min":-2.66093636,"runningAverage":1.48252535,"value":1.653321,"weightedAverage":0.283867478},"Warrior.CumulativeReward":{"count":3568,"max":2.658713,"min":-1.7011174,"runningAverage":-0.629722536,"value":-0.1455656,"weightedAverage":-0.6529355},"Tank.CumulativeReward":{"count":3568,"max":2.09758449,"min":-0.6049764,"runningAverage":-0.359848261,"value":-0.5,"weightedAverage":-0.416402578}},"metadata":{"timer_format_version":"0.1.0","start_time_seconds":"1726641760","unity_version":"2021.3.28f1","command_line_arguments":"C:\/Program Files\/Unity 2021.3.28f1\/Editor\/Unity.exe -projectpath D:\\RPG_AI_STRATEGY -useHub -hubIPC -cloudEnvironment production -licensingIpc LicenseClient-9fzUjFAGQ3-1Ubq9Y2bjK -hubSessionId cdad23b0-c87a-409e-8137-69befe8d1b1d -accessToken jVUjEttUc45wYrNSLZOv_gGlVspH3f8kQocQs84xikw01ef","communication_protocol_version":"1.5.0","com.unity.ml-agents_version":"2.0.1","scene_name":"Sparse","end_time_seconds":"1726665019"}}