{"count":1,"self":333.1024896,"total":3860.2802171,"children":{"InitializeActuators":{"count":17790,"self":0.1461787,"total":0.1461787,"children":null},"InitializeSensors":{"count":17790,"self":0.5259191,"total":0.5259191,"children":null},"AgentInfo.ToProto":{"count":17593,"self":0.1607238,"total":1.9204306,"children":{"GenerateSensorData":{"count":17593,"self":1.0167732999999999,"total":1.7597068,"children":{"RayPerceptionSensor.Perceive":{"count":52779,"self":0.74293349999999991,"total":0.74293349999999991,"children":null}}}}},"AgentSendState":{"count":64421,"self":496.4013568,"total":693.2562004,"children":{"CollectObservations":{"count":2209985,"self":1.1790078,"total":1.1790078,"children":null},"WriteActionMask":{"count":2209985,"self":4.5012104,"total":4.5012102,"children":null},"RequestDecision":{"count":2209985,"self":12.202919999999999,"total":191.1746106,"children":{"AgentInfo.ToProto":{"count":2209985,"self":7.2563248,"total":178.9716908,"children":{"GenerateSensorData":{"count":2209985,"self":98.7119616,"total":171.71536609999998,"children":{"RayPerceptionSensor.Perceive":{"count":6629955,"self":73.0034048,"total":73.003406,"children":null}}}}}}}}},"DecideAction":{"count":64421,"self":1765.6961024,"total":1765.6961506999999,"children":null},"AgentAct":{"count":64421,"self":1065.6308224,"total":1065.6308377999999,"children":null}},"gauges":{},"metadata":{"timer_format_version":"0.1.0","start_time_seconds":"1726239199","unity_version":"2021.3.28f1","command_line_arguments":"C:\/Program Files\/Unity 2021.3.28f1\/Editor\/Unity.exe -projectpath D:\\RPG_AI_STRATEGY -useHub -hubIPC -cloudEnvironment production -licensingIpc LicenseClient-bob10 -hubSessionId 3863e7fd-b28a-48f2-b33b-3a84ceadf24a -accessToken H3wy5x9U2AilACJv5X2jZEi2dDHbo7si2v0VuedwNks01ef","communication_protocol_version":"1.5.0","com.unity.ml-agents_version":"2.0.1","scene_name":"Sparse","end_time_seconds":"1726243058"}}