{"count":1,"self":3002.7954176,"total":52880.039446799994,"children":{"InitializeActuators":{"count":6300,"self":0.0642298,"total":0.0642298,"children":null},"InitializeSensors":{"count":6300,"self":0.13170279999999998,"total":0.13170279999999998,"children":null},"AgentInfo.ToProto":{"count":6200,"self":0.0180688,"total":0.48364989999999997,"children":{"GenerateSensorData":{"count":6200,"self":0.2762769,"total":0.46558109999999997,"children":{"RayPerceptionSensor.Perceive":{"count":18600,"self":0.18930419999999998,"total":0.18930419999999998,"children":null}}}}},"AgentSendState":{"count":457231,"self":1465.1462655999999,"total":2192.5901931,"children":{"CollectObservations":{"count":9150046,"self":4.0098715999999994,"total":4.0098717,"children":null},"WriteActionMask":{"count":9150046,"self":12.0594512,"total":12.0594513,"children":null},"RequestDecision":{"count":9150046,"self":43.8920672,"total":711.3745925,"children":{"AgentInfo.ToProto":{"count":9150046,"self":25.4340032,"total":667.48252519999994,"children":{"GenerateSensorData":{"count":9150046,"self":363.8913024,"total":642.0485218,"children":{"RayPerceptionSensor.Perceive":{"count":27450138,"self":278.1572352,"total":278.1572311,"children":null}}}}}}}}},"DecideAction":{"count":457231,"self":47593.406464,"total":47593.4052276,"children":null},"AgentAct":{"count":457231,"self":90.5624192,"total":90.5624167,"children":null}},"gauges":{"Warrior.CumulativeReward":{"count":1150,"max":3.958401,"min":-4.24400139,"runningAverage":0.3063203,"value":1.25320017,"weightedAverage":0.9957422},"Berserker.CumulativeReward":{"count":1162,"max":4.44199848,"min":-3.181409,"runningAverage":0.486809045,"value":0.9268001,"weightedAverage":0.766454339},"Mage.CumulativeReward":{"count":1110,"max":4.540654,"min":-0.7349994,"runningAverage":1.14089453,"value":2.69771981,"weightedAverage":1.57068837},"Tank.CumulativeReward":{"count":1140,"max":3.26400137,"min":-6.63901043,"runningAverage":-0.2673913,"value":1.94440019,"weightedAverage":1.21745026},"Archer.CumulativeReward":{"count":1138,"max":5.65823555,"min":0.367629647,"runningAverage":2.05780339,"value":1.0408963,"weightedAverage":2.01032329}},"metadata":{"timer_format_version":"0.1.0","start_time_seconds":"1727303885","unity_version":"2021.3.28f1","command_line_arguments":"C:\/Program Files\/Unity 2021.3.28f1\/Editor\/Unity.exe -projectpath D:\\RPG_AI_STRATEGY -useHub -hubIPC -cloudEnvironment production -licensingIpc LicenseClient-xdPhIO1gG5DURXGrxUxQL -hubSessionId 53a57f1a-63b8-4662-9af4-792aa016fdae -accessToken 0HU0VN6rtS0I8CUeJ_H2lAVmqrlrpgO735u6h5YMltg01ef","communication_protocol_version":"1.5.0","com.unity.ml-agents_version":"2.0.1","scene_name":"Sparse","end_time_seconds":"1727356765"}}