{"count":1,"self":12320.1880064,"total":74450.145048099992,"children":{"InitializeActuators":{"count":196394,"self":2.1556284,"total":2.1556284,"children":null},"InitializeSensors":{"count":196394,"self":5.3030152,"total":5.3030149999999994,"children":null},"AgentInfo.ToProto":{"count":196310,"self":0.77238869999999993,"total":15.0681441,"children":{"GenerateSensorData":{"count":196310,"self":8.2226167999999991,"total":14.295755399999999,"children":{"RayPerceptionSensor.Perceive":{"count":588930,"self":6.0731388,"total":6.0731386999999994,"children":null}}}}},"AgentSendState":{"count":2303341,"self":7533.1289087999994,"total":10857.4913729,"children":{"CollectObservations":{"count":42406998,"self":77.3106688,"total":77.3106705,"children":null},"WriteActionMask":{"count":42406998,"self":44.2902656,"total":44.2902661,"children":null},"RequestDecision":{"count":42406998,"self":231.2910848,"total":3202.7618309,"children":{"AgentInfo.ToProto":{"count":42406998,"self":123.08222719999999,"total":2971.4707369999996,"children":{"GenerateSensorData":{"count":42406998,"self":1605.9239424,"total":2848.3885138,"children":{"RayPerceptionSensor.Perceive":{"count":127220994,"self":1242.4645632,"total":1242.4645527,"children":null}}}}}}}}},"DecideAction":{"count":2303341,"self":50792.1399808,"total":50792.1399072,"children":null},"AgentAct":{"count":2303341,"self":457.79819519999995,"total":457.79822049999996,"children":null}},"gauges":{"Berserker.CumulativeReward":{"count":39015,"max":3.645611,"min":-1.58907962,"runningAverage":0.6863392,"value":0.4023924,"weightedAverage":0.611431837},"Tank.CumulativeReward":{"count":39181,"max":3.22351623,"min":-0.7863125,"runningAverage":0.633571148,"value":0.8024211,"weightedAverage":0.876374364},"Mage.CumulativeReward":{"count":39366,"max":3.873271,"min":-0.48694852,"runningAverage":0.7448652,"value":0.7082292,"weightedAverage":0.5281832},"Warrior.CumulativeReward":{"count":38935,"max":3.26729441,"min":-3.57376075,"runningAverage":0.51689595,"value":0.584373,"weightedAverage":0.49096787},"Archer.CumulativeReward":{"count":39313,"max":5.23398638,"min":0.138298482,"runningAverage":1.27064037,"value":2.36522484,"weightedAverage":1.54012752}},"metadata":{"timer_format_version":"0.1.0","start_time_seconds":"1727711271","unity_version":"2021.3.28f1","command_line_arguments":"C:\/Program Files\/Unity 2021.3.28f1\/Editor\/Unity.exe -projectpath D:\\RPG_AI_STRATEGY -useHub -hubIPC -cloudEnvironment production -licensingIpc LicenseClient-GdkYKnJfLzXaWqghf16Hd -hubSessionId 78849314-c39e-4213-ad1f-a6f1196a4ce6 -accessToken Veg0DkyeNY_An-b7gEaWNIbIbp6waje9vyclUJUOHIs01ef","communication_protocol_version":"1.5.0","com.unity.ml-agents_version":"2.0.1","scene_name":"Sparse","end_time_seconds":"1727785721"}}