{"count":1,"self":26.067092799999998,"total":44.1668187,"children":{"InitializeActuators":{"count":838,"self":0.0099988,"total":0.0099988,"children":null},"InitializeSensors":{"count":838,"self":0.027632399999999998,"total":0.027632399999999998,"children":null},"AgentSendState":{"count":1944,"self":7.4037136,"total":7.6244796999999993,"children":{"CollectObservations":{"count":37786,"self":0.0655687,"total":0.0655687,"children":null},"WriteActionMask":{"count":37786,"self":0.0392909,"total":0.0392909,"children":null},"RequestDecision":{"count":37786,"self":0.1159061,"total":0.1159061,"children":null}}},"DecideAction":{"count":1944,"self":7.7633063999999994,"total":9.9957333999999989,"children":{"RayPerceptionSensor.Perceive":{"count":113358,"self":2.2324268,"total":2.2324269,"children":null}}},"AgentAct":{"count":1944,"self":0.4408818,"total":0.4408818,"children":null}},"gauges":{"Tank.CumulativeReward":{"count":52,"max":1.87382472,"min":-0.005596187,"runningAverage":0.7784195,"value":0.9058723,"weightedAverage":0.7274276},"Berserker.CumulativeReward":{"count":41,"max":1.408658,"min":0.06600734,"runningAverage":0.7248488,"value":1.10391223,"weightedAverage":0.862303853},"Warrior.CumulativeReward":{"count":41,"max":1.01534259,"min":-0.15274173,"runningAverage":0.4915547,"value":0.67652005,"weightedAverage":0.5298147},"Mage.CumulativeReward":{"count":33,"max":1.20996022,"min":0.2238746,"runningAverage":0.655786753,"value":1.20996022,"weightedAverage":0.7799518},"Archer.CumulativeReward":{"count":39,"max":2.17281055,"min":0.414482176,"runningAverage":1.26974368,"value":0.978287339,"weightedAverage":1.355247}},"metadata":{"timer_format_version":"0.1.0","start_time_seconds":"1729033550","unity_version":"2021.3.28f1","command_line_arguments":"C:\/Program Files\/Unity 2021.3.28f1\/Editor\/Unity.exe -projectpath D:\\RPG_AI_STRATEGY -useHub -hubIPC -cloudEnvironment production -licensingIpc LicenseClient-bob10 -hubSessionId ed6dda94-1e4e-490e-81a4-6d0f13bf872d -accessToken e7qpetxBTXNiNycakWMSKV1RgTtpp7ffMoIpMi3_ryM01ef","communication_protocol_version":"1.5.0","com.unity.ml-agents_version":"2.0.1","scene_name":"Sparse","end_time_seconds":"1729033594"}}