{"count":1,"self":199.410304,"total":218.4513012,"children":{"InitializeActuators":{"count":166,"self":0.0010002,"total":0.0010002,"children":null},"InitializeSensors":{"count":166,"self":0.001999,"total":0.001999,"children":null},"AgentSendState":{"count":10676,"self":2.775514,"total":2.8475284,"children":{"CollectObservations":{"count":20418,"self":0.0333781,"total":0.0333781,"children":null},"WriteActionMask":{"count":20418,"self":0.012008699999999999,"total":0.012008699999999999,"children":null},"RequestDecision":{"count":20418,"self":0.026627699999999997,"total":0.026627699999999997,"children":null}}},"DecideAction":{"count":10676,"self":14.8567808,"total":15.898675099999998,"children":{"RayPerceptionSensor.Perceive":{"count":61254,"self":1.0418943999999999,"total":1.0418943999999999,"children":null}}},"AgentAct":{"count":10676,"self":0.2917958,"total":0.2917958,"children":null}},"gauges":{"Archer.CumulativeReward":{"count":28,"max":2.99485278,"min":0.700866342,"runningAverage":1.49554837,"value":0.700866342,"weightedAverage":1.13564718},"Warrior.CumulativeReward":{"count":24,"max":0.9592979,"min":0.272723645,"runningAverage":0.5727595,"value":0.3722436,"weightedAverage":0.5549742},"Tank.CumulativeReward":{"count":12,"max":1.8066107,"min":0.5518648,"runningAverage":0.9911649,"value":0.686911464,"weightedAverage":0.877172351},"Berserker.CumulativeReward":{"count":22,"max":1.35748971,"min":0.237790108,"runningAverage":0.6423247,"value":0.464237541,"weightedAverage":0.429445863},"Mage.CumulativeReward":{"count":20,"max":1.31285846,"min":0.264113367,"runningAverage":0.6750562,"value":1.07480216,"weightedAverage":0.7012207}},"metadata":{"timer_format_version":"0.1.0","start_time_seconds":"1729088653","unity_version":"2021.3.28f1","command_line_arguments":"C:\\Program Files\\Unity\\Hub\\Editor\\2021.3.28f1\\Editor\\Unity.exe -projectpath D:\\project\\unity\\RPG_AI_STRATEGY -useHub -hubIPC -cloudEnvironment production -licensingIpc LicenseClient-vhan9 -hubSessionId 6eb9a2b2-1cba-4661-8d46-4d9ceb4338f6 -accessToken utRGt5fpvpCSucrWiQpqtvK46KT0xS5bHNVAzTV_T2Q01ef","communication_protocol_version":"1.5.0","com.unity.ml-agents_version":"2.0.1","scene_name":"test2","end_time_seconds":"1729088871"}}