{"count":1,"self":76.972748799999991,"total":83.20897149999999,"children":{"InitializeActuators":{"count":82,"self":0.0020888,"total":0.0020888,"children":null},"InitializeSensors":{"count":82,"self":0.0069251,"total":0.0069251,"children":null},"AgentSendState":{"count":3917,"self":0.7889429,"total":0.8161029,"children":{"CollectObservations":{"count":5458,"self":0.0094694,"total":0.0094694,"children":null},"WriteActionMask":{"count":5458,"self":0.011610899999999999,"total":0.011610899999999999,"children":null},"RequestDecision":{"count":5458,"self":0.0060796999999999995,"total":0.0060796999999999995,"children":null}}},"DecideAction":{"count":3917,"self":5.0046688,"total":5.3194183,"children":{"RayPerceptionSensor.Perceive":{"count":16374,"self":0.3147493,"total":0.3147493,"children":null}}},"AgentAct":{"count":3917,"self":0.0901809,"total":0.0901809,"children":null}},"gauges":{"Tank.CumulativeReward":{"count":5,"max":1.0699625,"min":0.4007579,"runningAverage":0.717708349,"value":0.619534969,"weightedAverage":0.663253665},"Berserker.CumulativeReward":{"count":5,"max":1.06180847,"min":0.5443619,"runningAverage":0.8078452,"value":1.06180847,"weightedAverage":0.805681944},"Warrior.CumulativeReward":{"count":5,"max":0.7787456,"min":0.415970922,"runningAverage":0.5396414,"value":0.569940031,"weightedAverage":0.528295755},"Mage.CumulativeReward":{"count":4,"max":0.7625183,"min":0.337619036,"runningAverage":0.549856544,"value":0.461388081,"weightedAverage":0.554994047},"Archer.CumulativeReward":{"count":3,"max":1.31216216,"min":1.09259582,"runningAverage":1.17802656,"value":1.31216216,"weightedAverage":1.1681459}},"metadata":{"timer_format_version":"0.1.0","start_time_seconds":"1729099617","unity_version":"2021.3.28f1","command_line_arguments":"C:\\Program Files\\Unity\\Hub\\Editor\\2021.3.28f1\\Editor\\Unity.exe -projectpath D:\\project\\unity\\RPG_AI_STRATEGY -useHub -hubIPC -cloudEnvironment production -licensingIpc LicenseClient-vhan9 -hubSessionId 6eb9a2b2-1cba-4661-8d46-4d9ceb4338f6 -accessToken utRGt5fpvpCSucrWiQpqtvK46KT0xS5bHNVAzTV_T2Q01ef","communication_protocol_version":"1.5.0","com.unity.ml-agents_version":"2.0.1","scene_name":"test2","end_time_seconds":"1729099700"}}