{"count":1,"self":36.1786848,"total":42.967706799999995,"children":{"InitializeActuators":{"count":80,"self":0.0054177999999999995,"total":0.0054177999999999995,"children":null},"InitializeSensors":{"count":80,"self":0.0041432,"total":0.0041432,"children":null},"AgentSendState":{"count":1877,"self":1.1691202,"total":1.1991644,"children":{"CollectObservations":{"count":3714,"self":0.012938,"total":0.012938,"children":null},"WriteActionMask":{"count":3714,"self":0.0055336,"total":0.0055336,"children":null},"RequestDecision":{"count":3714,"self":0.011572599999999999,"total":0.011572599999999999,"children":null}}},"DecideAction":{"count":1877,"self":5.0362079999999994,"total":5.4944951,"children":{"RayPerceptionSensor.Perceive":{"count":11142,"self":0.4582871,"total":0.4582871,"children":null}}},"AgentAct":{"count":1877,"self":0.084776499999999991,"total":0.084776499999999991,"children":null}},"gauges":{"Mage.CumulativeReward":{"count":6,"max":0.8805003,"min":0.401548922,"runningAverage":0.6146368,"value":0.5123174,"weightedAverage":0.617468655},"Berserker.CumulativeReward":{"count":3,"max":0.7839452,"min":0.287589967,"runningAverage":0.573029935,"value":0.647554636,"weightedAverage":0.470647752},"Tank.CumulativeReward":{"count":3,"max":1.15435946,"min":0.9819313,"runningAverage":1.05208516,"value":0.9819313,"weightedAverage":1.03565526},"Archer.CumulativeReward":{"count":6,"max":1.702496,"min":0.7541695,"runningAverage":1.02773917,"value":1.702496,"weightedAverage":1.11437774},"Warrior.CumulativeReward":{"count":4,"max":1.00632954,"min":0.453184128,"runningAverage":0.723859549,"value":1.00632954,"weightedAverage":0.678556442}},"metadata":{"timer_format_version":"0.1.0","start_time_seconds":"1729151986","unity_version":"2021.3.28f1","command_line_arguments":"C:\/Program Files\/Unity 2021.3.28f1\/Editor\/Unity.exe -projectpath C:\\Users\\CHANG\\OneDrive\\Desktop\\Unity\\RPG_AI_STRATEGY -useHub -hubIPC -cloudEnvironment production -licensingIpc LicenseClient-CHANG -hubSessionId a6f9972f-67d2-42f9-a828-66f745212516 -accessToken dtxSz8b1b8Jgjv2uRxaMC0_LdbbJw7c64zkBPd5NQvU011f","communication_protocol_version":"1.5.0","com.unity.ml-agents_version":"2.0.1","scene_name":"test2","end_time_seconds":"1729152029"}}