{"count":1,"self":84.756351999999993,"total":92.955104699999993,"children":{"InitializeActuators":{"count":110,"self":0.0030096999999999997,"total":0.0030096999999999997,"children":null},"InitializeSensors":{"count":110,"self":0.0035131,"total":0.0035131,"children":null},"AgentSendState":{"count":4408,"self":1.2368987999999999,"total":1.2638759,"children":{"CollectObservations":{"count":8969,"self":0.0081583,"total":0.0081583,"children":null},"WriteActionMask":{"count":8969,"self":0.001504,"total":0.001504,"children":null},"RequestDecision":{"count":8969,"self":0.017314799999999998,"total":0.017314799999999998,"children":null}}},"DecideAction":{"count":4408,"self":6.4404068,"total":6.8150226,"children":{"RayPerceptionSensor.Perceive":{"count":26907,"self":0.3746159,"total":0.3746159,"children":null}}},"AgentAct":{"count":4408,"self":0.1118295,"total":0.1118295,"children":null}},"gauges":{"Warrior.CumulativeReward":{"count":14,"max":0.967498541,"min":0.07039014,"runningAverage":0.5307169,"value":0.455920219,"weightedAverage":0.458665133},"Mage.CumulativeReward":{"count":12,"max":1.22332513,"min":0.415544748,"runningAverage":0.7548347,"value":1.09742582,"weightedAverage":0.838089},"Archer.CumulativeReward":{"count":7,"max":1.51998138,"min":0.731086552,"runningAverage":1.16215932,"value":1.51998138,"weightedAverage":1.2160027},"Berserker.CumulativeReward":{"count":10,"max":0.697102368,"min":0.244622886,"runningAverage":0.524437666,"value":0.491913855,"weightedAverage":0.5188504},"Tank.CumulativeReward":{"count":7,"max":1.17951751,"min":0.5039824,"runningAverage":0.7743836,"value":0.95583266,"weightedAverage":0.770045757}},"metadata":{"timer_format_version":"0.1.0","start_time_seconds":"1728996856","unity_version":"2021.3.28f1","command_line_arguments":"C:\\Program Files\\Unity\\Hub\\Editor\\2021.3.28f1\\Editor\\Unity.exe -projectpath D:\\project\\unity\\RPG_AI_STRATEGY -useHub -hubIPC -cloudEnvironment production -licensingIpc LicenseClient-vhan9 -hubSessionId b1e786ba-c888-4830-9914-1a5d651b3130 -accessToken A0GF7Qsf63zkXIShjIfE3vt5Q3nRmwfWIVFcLDsZCc801ef","communication_protocol_version":"1.5.0","com.unity.ml-agents_version":"2.0.1","scene_name":"test2","end_time_seconds":"1728996949"}}