{"count":1,"self":1185.979392,"total":5210.8760619999994,"children":{"InitializeActuators":{"count":5184,"self":0.0568112,"total":0.0568112,"children":null},"InitializeSensors":{"count":5184,"self":0.1747877,"total":0.1747877,"children":null},"AgentInfo.ToProto":{"count":5104,"self":0.0413582,"total":0.4809343,"children":{"GenerateSensorData":{"count":5104,"self":0.26424559999999997,"total":0.43957609999999997,"children":{"RayPerceptionSensor.Perceive":{"count":15312,"self":0.1753305,"total":0.1753305,"children":null}}}}},"AgentSendState":{"count":180592,"self":481.82840319999997,"total":708.5894769,"children":{"CollectObservations":{"count":2889760,"self":0.9384026,"total":0.9384026,"children":null},"WriteActionMask":{"count":2889760,"self":7.0947952,"total":7.0947954,"children":null},"RequestDecision":{"count":2889760,"self":6.1299592,"total":218.72785979999998,"children":{"AgentInfo.ToProto":{"count":2889760,"self":6.9368343999999995,"total":212.5979004,"children":{"GenerateSensorData":{"count":2889760,"self":125.69072639999999,"total":205.6610662,"children":{"RayPerceptionSensor.Perceive":{"count":8669280,"self":79.970336,"total":79.970338599999991,"children":null}}}}}}}}},"DecideAction":{"count":180592,"self":3280.3104768,"total":3280.310402,"children":null},"AgentAct":{"count":180592,"self":35.284262399999996,"total":35.2842625,"children":null}},"gauges":{},"metadata":{"timer_format_version":"0.1.0","start_time_seconds":"1726071956","unity_version":"2021.3.28f1","command_line_arguments":"C:\/Program Files\/Unity 2021.3.28f1\/Editor\/Unity.exe -projectpath C:\\Users\\CHANG\\OneDrive\\Desktop\\Unity\\RPG_AI_STRATEGY -useHub -hubIPC -cloudEnvironment production -licensingIpc LicenseClient-CHANG -hubSessionId c58007fe-29eb-4596-a370-226182b755d3 -accessToken ddSO_HeI4OFnLKtnN4ylDgYPLaZvN_roCCzkniK0v4Q011f","communication_protocol_version":"1.5.0","com.unity.ml-agents_version":"2.0.1","scene_name":"Train","end_time_seconds":"1726077167"}}