{"count":1,"self":131.28181759999998,"total":1822.4561514,"children":{"InitializeActuators":{"count":43566,"self":0.44574199999999997,"total":0.44574199999999997,"children":null},"InitializeSensors":{"count":43566,"self":1.2384103,"total":1.2384103,"children":null},"AgentInfo.ToProto":{"count":43486,"self":0.2995607,"total":3.5876972,"children":{"GenerateSensorData":{"count":43486,"self":2.175023,"total":3.2881365,"children":{"RayPerceptionSensor.Perceive":{"count":130458,"self":1.1131134999999999,"total":1.1131134999999999,"children":null}}}}},"AgentSendState":{"count":61567,"self":130.2139392,"total":194.3483651,"children":{"CollectObservations":{"count":985120,"self":0.2319847,"total":0.2319847,"children":null},"WriteActionMask":{"count":985120,"self":1.8309369999999998,"total":1.8309369999999998,"children":null},"RequestDecision":{"count":985120,"self":1.7664947999999998,"total":62.0715102,"children":{"AgentInfo.ToProto":{"count":985120,"self":1.8066532,"total":60.305015399999995,"children":{"GenerateSensorData":{"count":985120,"self":35.3223744,"total":58.498362099999994,"children":{"RayPerceptionSensor.Perceive":{"count":2955360,"self":23.175987199999998,"total":23.1759873,"children":null}}}}}}}}},"DecideAction":{"count":61567,"self":1480.2255871999998,"total":1480.2255373,"children":null},"AgentAct":{"count":61567,"self":11.327560799999999,"total":11.3275606,"children":null}},"gauges":{},"metadata":{"timer_format_version":"0.1.0","start_time_seconds":"1726111716","unity_version":"2021.3.28f1","command_line_arguments":"C:\/Program Files\/Unity 2021.3.28f1\/Editor\/Unity.exe -projectpath C:\\Users\\CHANG\\OneDrive\\Desktop\\Unity\\RPG_AI_STRATEGY -useHub -hubIPC -cloudEnvironment production -licensingIpc LicenseClient-CHANG -hubSessionId 932f673e-1af7-4283-b919-dd4ef6a913eb -accessToken x5y209NPrXmZLkdU-lf0XyCHNQrHe1p-GfzLK-nXwuk011f","communication_protocol_version":"1.5.0","com.unity.ml-agents_version":"2.0.1","scene_name":"Train","end_time_seconds":"1726113539"}}