{"count":1,"self":881.32136959999991,"total":4151.1700166,"children":{"InitializeActuators":{"count":105090,"self":0.6398356,"total":0.6398356,"children":null},"InitializeSensors":{"count":105090,"self":1.5061384,"total":1.5061384,"children":null},"AgentInfo.ToProto":{"count":105010,"self":0.42397219999999997,"total":4.3086888,"children":{"GenerateSensorData":{"count":105010,"self":1.9679175999999998,"total":3.8847166,"children":{"RayPerceptionSensor.Perceive":{"count":315030,"self":1.9167991999999998,"total":1.9167991,"children":null}}}}},"AgentSendState":{"count":250736,"self":755.22785279999994,"total":891.9505594,"children":{"CollectObservations":{"count":4012000,"self":0.7586921,"total":0.7586921,"children":null},"WriteActionMask":{"count":4012000,"self":5.1245227999999994,"total":5.1245227999999994,"children":null},"RequestDecision":{"count":4012000,"self":5.4231055999999995,"total":130.8394887,"children":{"AgentInfo.ToProto":{"count":4012000,"self":4.9354808,"total":125.416383,"children":{"GenerateSensorData":{"count":4012000,"self":55.0397568,"total":120.480902,"children":{"RayPerceptionSensor.Perceive":{"count":12036000,"self":65.4411456,"total":65.4411483,"children":null}}}}}}}}},"DecideAction":{"count":250736,"self":2343.8485504,"total":2343.8485421,"children":null},"AgentAct":{"count":250736,"self":27.5938496,"total":27.593850699999997,"children":null}},"gauges":{},"metadata":{"timer_format_version":"0.1.0","start_time_seconds":"1723034264","unity_version":"2021.3.28f1","command_line_arguments":"C:\\Program Files\\Unity\\Hub\\Editor\\2021.3.28f1\\Editor\\Unity.exe -projectpath D:\\project\\unity\\RPG_AI_STRATEGY -useHub -hubIPC -cloudEnvironment production -licensingIpc LicenseClient-vhan9 -hubSessionId ad4538bb-77ef-4283-b268-658e1a332b34 -accessToken LjprUTkBOqOQbs9b3KpV0PhOlmdNCyl1QouCSQRpc9g01ef","communication_protocol_version":"1.5.0","com.unity.ml-agents_version":"2.0.1","scene_name":"Train","end_time_seconds":"1723038415"}}