{"count":1,"self":138.291968,"total":1103.3192999999999,"children":{"InitializeActuators":{"count":80,"self":0.0020006,"total":0.0020006,"children":null},"InitializeSensors":{"count":80,"self":0.0035180999999999997,"total":0.0035180999999999997,"children":null},"AgentSendState":{"count":36313,"self":104.45664,"total":149.3404021,"children":{"CollectObservations":{"count":581120,"self":1.7125542,"total":1.7125542,"children":null},"WriteActionMask":{"count":581120,"self":0.6087112,"total":0.6087112,"children":null},"RequestDecision":{"count":581120,"self":1.2223875,"total":42.5624973,"children":{"AgentInfo.ToProto":{"count":581120,"self":1.2434831,"total":41.3401098,"children":{"GenerateSensorData":{"count":581120,"self":24.28184,"total":40.0966267,"children":{"RayPerceptionSensor.Perceive":{"count":1743360,"self":15.8147872,"total":15.8147869,"children":null}}}}}}}}},"DecideAction":{"count":36313,"self":808.4700672,"total":808.470077,"children":null},"AgentAct":{"count":36313,"self":6.2329172,"total":6.2329171,"children":null},"AgentInfo.ToProto":{"count":12014,"self":0.0867034,"total":0.97741519999999993,"children":{"GenerateSensorData":{"count":12014,"self":0.5281603,"total":0.89071179999999994,"children":{"RayPerceptionSensor.Perceive":{"count":36042,"self":0.36255149999999997,"total":0.36255149999999997,"children":null}}}}}},"gauges":{"Warrior.CumulativeReward":{"count":12014,"max":1.01,"min":0.0639999956,"runningAverage":0.411238581,"value":0.548000038,"weightedAverage":0.4387527}},"metadata":{"timer_format_version":"0.1.0","start_time_seconds":"1726544203","unity_version":"2021.3.28f1","command_line_arguments":"C:\/Program Files\/Unity 2021.3.28f1\/Editor\/Unity.exe -projectpath C:\\Users\\CHANG\\OneDrive\\Desktop\\Unity\\RPG_AI_STRATEGY -useHub -hubIPC -cloudEnvironment production -licensingIpc LicenseClient-CHANG -hubSessionId 5f604733-f4be-42f2-83af-1925dc5704f1 -accessToken 0XDNa7o99r1dssMVyQ18JUTimo84cGacPQL954ov_8c011f","communication_protocol_version":"1.5.0","com.unity.ml-agents_version":"2.0.1","scene_name":"Train","end_time_seconds":"1726545307"}}