{"count":1,"self":533.4710784,"total":4185.1140906,"children":{"InitializeActuators":{"count":80,"self":0.0030055999999999998,"total":0.0030055999999999998,"children":null},"InitializeSensors":{"count":80,"self":0.0025142,"total":0.0025142,"children":null},"AgentSendState":{"count":125517,"self":520.5879808,"total":681.3094735,"children":{"CollectObservations":{"count":2008400,"self":5.7434975999999995,"total":5.7434978,"children":null},"WriteActionMask":{"count":2008400,"self":2.1704972,"total":2.1704972,"children":null},"RequestDecision":{"count":2008400,"self":4.2510204,"total":152.8075082,"children":{"AgentInfo.ToProto":{"count":2008400,"self":4.6040719999999995,"total":148.55648789999998,"children":{"GenerateSensorData":{"count":2008400,"self":87.8984704,"total":143.952416,"children":{"RayPerceptionSensor.Perceive":{"count":6025200,"self":56.0539456,"total":56.053942899999996,"children":null}}}}}}}}},"DecideAction":{"count":125517,"self":2944.806912,"total":2944.806951,"children":null},"AgentAct":{"count":125517,"self":22.634608,"total":22.634608,"children":null},"AgentInfo.ToProto":{"count":32930,"self":0.2116706,"total":2.8832923999999998,"children":{"GenerateSensorData":{"count":32930,"self":1.6673228,"total":2.6716218,"children":{"RayPerceptionSensor.Perceive":{"count":98790,"self":1.004299,"total":1.004299,"children":null}}}}}},"gauges":{"Warrior.CumulativeReward":{"count":32930,"max":2.87645626,"min":-1.20006645,"runningAverage":0.5435051,"value":-0.0751286745,"weightedAverage":0.4811424}},"metadata":{"timer_format_version":"0.1.0","start_time_seconds":"1728058838","unity_version":"2021.3.28f1","command_line_arguments":"C:\/Program Files\/Unity 2021.3.28f1\/Editor\/Unity.exe -projectpath C:\\Users\\CHANG\\OneDrive\\Desktop\\Unity\\RPG_AI_STRATEGY -useHub -hubIPC -cloudEnvironment production -licensingIpc LicenseClient-CHANG -hubSessionId 276a70df-db37-4930-bb5a-077565d26e2b -accessToken Q9uBYxrvTAZCyWjiQv5Zk6nRtgvnkcut4fShkXfkj-k011f","communication_protocol_version":"1.5.0","com.unity.ml-agents_version":"2.0.1","scene_name":"Train","end_time_seconds":"1728063023"}}