{"count":1,"self":477.99838719999997,"total":3355.0137127,"children":{"InitializeActuators":{"count":42022,"self":0.4758342,"total":0.4758342,"children":null},"InitializeSensors":{"count":42022,"self":1.1750622,"total":1.1750622,"children":null},"AgentInfo.ToProto":{"count":41942,"self":0.3124017,"total":3.4364124,"children":{"GenerateSensorData":{"count":41942,"self":1.7937406,"total":3.1240107,"children":{"RayPerceptionSensor.Perceive":{"count":125826,"self":1.3302701,"total":1.3302701,"children":null}}}}},"AgentSendState":{"count":105630,"self":344.5530368,"total":458.54605139999995,"children":{"CollectObservations":{"count":1690160,"self":0.53598079999999992,"total":0.53598079999999992,"children":null},"WriteActionMask":{"count":1690160,"self":4.2754379999999994,"total":4.2754379999999994,"children":null},"RequestDecision":{"count":1690160,"self":4.0439856,"total":109.18160429999999,"children":{"AgentInfo.ToProto":{"count":1690160,"self":4.0835152,"total":105.1376185,"children":{"GenerateSensorData":{"count":1690160,"self":54.821248,"total":101.0541033,"children":{"RayPerceptionSensor.Perceive":{"count":5070480,"self":46.232857599999996,"total":46.2328568,"children":null}}}}}}}}},"DecideAction":{"count":105630,"self":2394.9801472,"total":2394.9801162,"children":null},"AgentAct":{"count":105630,"self":18.4003056,"total":18.4003053,"children":null}},"gauges":{},"metadata":{"timer_format_version":"0.1.0","start_time_seconds":"1725782144","unity_version":"2021.3.28f1","command_line_arguments":"C:\/Program Files\/Unity 2021.3.28f1\/Editor\/Unity.exe -projectpath C:\\Users\\CHANG\\OneDrive\\Desktop\\Unity\\RPG_AI_STRATEGY -useHub -hubIPC -cloudEnvironment production -licensingIpc LicenseClient-CHANG -hubSessionId 43dbedcf-6b06-4861-91f6-de701686f624 -accessToken VEigr8_kGV56jaCZnpH_h4hFp8SLF3UWZOZJ1cuE4xg011f","communication_protocol_version":"1.5.0","com.unity.ml-agents_version":"2.0.1","scene_name":"Train","end_time_seconds":"1725785499"}}